city,forecast_date,latitude,longitude,temperature_max,temperature_min,precipitation_sum,wind_speed_10m_max
Casablanca,2026-09-18,33.5992,-7.62,24.5,18.7,0.0,12.7
Casablanca,2026-09-19,33.5992,-7.62,26.8,19.7,0.0,11.9
Casablanca,2026-09-20,33.5992,-7.62,29.4,20.8,0.0,10.9
Casablanca,2026-09-21,33.5992,-7.62,29.4,20.9,0.0,10.9
Casablanca,2026-09-22,33.5992,-7.62,28.2,20.7,0.0,10.1
Casablanca,2026-09-23,33.5992,-7.62,29.1,19.9,0.0,12.6
Casablanca,2026-09-24,33.5992,-7.62,30.4,19.4,0.0,12.8
Tangier,2026-09-18,35.7767,-5.8039,27.9,18.3,0.0,22.3
Tangier,2026-09-19,35.7767,-5.8039,27.7,22.8,0.0,31.8
Tangier,2026-09-20,35.7767,-5.8039,28.3,23.9,0.0,30.6
Tangier,2026-09-21,35.7767,-5.8039,28.4,22.7,0.0,29.2
Tangier,2026-09-22,35.7767,-5.8039,28.1,21.4,0.0,25.0
Tangier,2026-09-23,35.7767,-5.8039,28.7,21.3,0.0,23.5
Tangier,2026-09-24,35.7767,-5.8039,29.7,22.6,0.0,21.7
Fès,2026-09-18,34.0433,-5.0033,31.8,17.4,0.0,10.0
Fès,2026-09-19,34.0433,-5.0033,33.9,21.1,0.0,18.9
Fès,2026-09-20,34.0433,-5.0033,35.0,22.0,0.0,15.0
Fès,2026-09-21,34.0433,-5.0033,33.7,22.0,0.0,13.3
Fès,2026-09-22,34.0433,-5.0033,33.7,20.6,0.0,10.9
Fès,2026-09-23,34.0433,-5.0033,34.9,19.8,0.0,8.7
Fès,2026-09-24,34.0433,-5.0033,36.0,21.5,0.0,9.6
Marrakech,2026-09-18,31.6295,-7.9811,31.7,17.9,0.0,6.5
Marrakech,2026-09-19,31.6295,-7.9811,36.5,21.2,0.1,9.6
Marrakech,2026-09-20,31.6295,-7.9811,37.2,22.6,0.6,13.0
Marrakech,2026-09-21,31.6295,-7.9811,37.4,22.9,0.0,16.4
Marrakech,2026-09-22,31.6295,-7.9811,36.5,21.0,0.0,13.9
Marrakech,2026-09-23,31.6295,-7.9811,35.9,19.7,0.0,12.9
Marrakech,2026-09-24,31.6295,-7.9811,36.7,20.8,0.0,13.3
Sale,2026-09-18,34.05,-6.8167,25.6,16.3,0.0,13.8
Sale,2026-09-19,34.05,-6.8167,30.5,17.5,0.0,13.2
Sale,2026-09-20,34.05,-6.8167,30.6,20.3,0.0,11.8
Sale,2026-09-21,34.05,-6.8167,29.9,20.6,0.0,11.9
Sale,2026-09-22,34.05,-6.8167,29.5,20.1,0.0,11.5
Sale,2026-09-23,34.05,-6.8167,27.4,19.1,0.0,12.6
Sale,2026-09-24,34.05,-6.8167,28.6,18.9,0.0,12.0
Meknès,2026-09-18,33.8833,-5.55,29.9,15.7,0.0,13.8
Meknès,2026-09-19,33.8833,-5.55,34.1,19.3,0.0,13.5
Meknès,2026-09-20,33.8833,-5.55,35.3,20.9,0.0,12.1
Meknès,2026-09-21,33.8833,-5.55,34.0,20.1,0.0,13.1
Meknès,2026-09-22,33.8833,-5.55,33.5,18.9,0.0,13.0
Meknès,2026-09-23,33.8833,-5.55,33.9,18.4,0.0,13.8
Meknès,2026-09-24,33.8833,-5.55,35.1,18.1,0.0,12.6
Rabat,2026-09-18,34.0211,-6.8414,25.7,16.4,0.0,13.8
Rabat,2026-09-19,34.0211,-6.8414,30.6,17.5,0.0,13.2
Rabat,2026-09-20,34.0211,-6.8414,30.7,20.3,0.0,11.8
Rabat,2026-09-21,34.0211,-6.8414,29.9,20.7,0.0,11.9
Rabat,2026-09-22,34.0211,-6.8414,29.5,20.2,0.0,11.5
Rabat,2026-09-23,34.0211,-6.8414,27.5,19.1,0.0,12.6
Rabat,2026-09-24,34.0211,-6.8414,28.6,18.9,0.0,12.0
Agadir,2026-09-18,30.4214,-9.5831,26.5,19.4,0.0,10.7
Agadir,2026-09-19,30.4214,-9.5831,26.0,20.5,0.0,12.6
Agadir,2026-09-20,30.4214,-9.5831,28.0,20.8,0.0,11.7
Agadir,2026-09-21,30.4214,-9.5831,32.5,21.9,0.0,9.7
Agadir,2026-09-22,30.4214,-9.5831,31.6,20.7,0.0,11.5
Agadir,2026-09-23,30.4214,-9.5831,32.9,20.3,0.0,13.9
Agadir,2026-09-24,30.4214,-9.5831,31.5,18.0,0.0,13.2
Kenitra,2026-09-18,34.25,-6.5833,27.1,15.6,0.0,14.4
Kenitra,2026-09-19,34.25,-6.5833,34.3,17.5,0.0,17.1
Kenitra,2026-09-20,34.25,-6.5833,36.0,20.7,0.0,13.8
Kenitra,2026-09-21,34.25,-6.5833,33.9,20.4,0.0,14.5
Kenitra,2026-09-22,34.25,-6.5833,32.2,19.2,0.0,12.7
Kenitra,2026-09-23,34.25,-6.5833,29.2,19.2,0.0,12.3
Kenitra,2026-09-24,34.25,-6.5833,29.7,17.8,0.0,12.5
Oujda-Angad,2026-09-18,34.6867,-1.9114,28.4,16.3,0.0,20.7
Oujda-Angad,2026-09-19,34.6867,-1.9114,29.8,19.4,1.7,15.6
Oujda-Angad,2026-09-20,34.6867,-1.9114,29.4,19.5,0.5,17.5
Oujda-Angad,2026-09-21,34.6867,-1.9114,26.6,18.3,0.1,19.4
Oujda-Angad,2026-09-22,34.6867,-1.9114,28.3,15.6,0.0,17.0
Oujda-Angad,2026-09-23,34.6867,-1.9114,30.8,14.2,0.0,19.6
Oujda-Angad,2026-09-24,34.6867,-1.9114,31.7,16.7,0.0,18.6
Tétouan,2026-09-18,35.5667,-5.3667,26.6,17.9,0.0,24.9
Tétouan,2026-09-19,35.5667,-5.3667,25.7,22.5,0.0,30.1
Tétouan,2026-09-20,35.5667,-5.3667,26.3,22.9,0.3,26.2
Tétouan,2026-09-21,35.5667,-5.3667,27.1,22.5,0.0,27.8
Tétouan,2026-09-22,35.5667,-5.3667,26.7,21.4,0.0,20.5
Tétouan,2026-09-23,35.5667,-5.3667,27.3,20.3,0.0,16.8
Tétouan,2026-09-24,35.5667,-5.3667,27.5,19.9,0.0,14.0
Safi,2026-09-18,32.2833,-9.2333,25.3,18.2,0.0,19.6
Safi,2026-09-19,32.2833,-9.2333,27.2,19.5,0.0,18.3
Safi,2026-09-20,32.2833,-9.2333,24.9,19.3,0.0,8.7
Safi,2026-09-21,32.2833,-9.2333,26.0,19.2,0.0,9.7
Safi,2026-09-22,32.2833,-9.2333,25.5,19.0,0.0,11.8
Safi,2026-09-23,32.2833,-9.2333,28.2,19.0,0.0,14.3
Safi,2026-09-24,32.2833,-9.2333,27.1,18.8,0.0,14.3
Taourirt,2026-09-18,34.41,-2.89,29.6,18.1,0.0,32.8
Taourirt,2026-09-19,34.41,-2.89,30.4,20.3,1.3,26.6
Taourirt,2026-09-20,34.41,-2.89,30.7,21.4,0.0,30.4
Taourirt,2026-09-21,34.41,-2.89,28.4,19.9,0.0,28.0
Taourirt,2026-09-22,34.41,-2.89,30.3,18.2,0.0,23.0
Taourirt,2026-09-23,34.41,-2.89,31.5,17.3,0.0,23.2
Taourirt,2026-09-24,34.41,-2.89,32.5,18.4,0.0,23.1
Temara,2026-09-18,33.9234,-6.9076,25.5,15.6,0.0,13.7
Temara,2026-09-19,33.9234,-6.9076,30.0,17.1,0.0,13.2
Temara,2026-09-20,33.9234,-6.9076,30.1,19.7,0.0,11.2
Temara,2026-09-21,33.9234,-6.9076,29.6,20.3,0.0,11.6
Temara,2026-09-22,33.9234,-6.9076,29.6,20.1,0.0,11.1
Temara,2026-09-23,33.9234,-6.9076,26.1,19.3,0.0,12.4
Temara,2026-09-24,33.9234,-6.9076,26.2,18.9,0.0,11.5
Laâyoune,2026-09-18,27.15,-13.2,28.0,19.8,0.1,29.3
Laâyoune,2026-09-19,27.15,-13.2,29.0,18.3,0.0,23.8
Laâyoune,2026-09-20,27.15,-13.2,32.2,18.6,0.0,18.9
Laâyoune,2026-09-21,27.15,-13.2,36.5,20.6,0.0,22.8
Laâyoune,2026-09-22,27.15,-13.2,35.6,21.4,0.0,26.8
Laâyoune,2026-09-23,27.15,-13.2,38.6,21.2,0.0,23.5
Laâyoune,2026-09-24,27.15,-13.2,39.6,23.3,0.0,26.0
El Jadid,2026-09-18,33.2566,-8.5025,24.1,19.3,0.0,17.8
El Jadid,2026-09-19,33.2566,-8.5025,25.5,20.5,0.0,16.3
El Jadid,2026-09-20,33.2566,-8.5025,27.5,20.9,0.0,13.1
El Jadid,2026-09-21,33.2566,-8.5025,27.4,21.4,0.0,13.7
El Jadid,2026-09-22,33.2566,-8.5025,25.9,20.5,0.0,12.8
El Jadid,2026-09-23,33.2566,-8.5025,27.7,21.1,0.0,14.4
El Jadid,2026-09-24,33.2566,-8.5025,27.8,20.5,0.0,14.7
Ait Melloul,2026-09-18,30.3342,-9.4972,26.1,19.3,0.0,16.8
Ait Melloul,2026-09-19,30.3342,-9.4972,25.8,20.0,0.0,19.8
Ait Melloul,2026-09-20,30.3342,-9.4972,26.4,20.1,0.0,18.0
Ait Melloul,2026-09-21,30.3342,-9.4972,34.1,20.9,0.0,16.9
Ait Melloul,2026-09-22,30.3342,-9.4972,28.9,20.1,0.0,18.4
Ait Melloul,2026-09-23,30.3342,-9.4972,33.1,19.5,0.0,13.9
Ait Melloul,2026-09-24,30.3342,-9.4972,31.7,18.3,0.0,13.2
Béni Mellal,2026-09-18,32.3394,-6.3608,31.2,18.6,0.0,8.3
Béni Mellal,2026-09-19,32.3394,-6.3608,35.1,22.8,0.0,21.0
Béni Mellal,2026-09-20,32.3394,-6.3608,36.2,24.9,0.1,22.4
Béni Mellal,2026-09-21,32.3394,-6.3608,34.6,24.4,0.0,18.7
Béni Mellal,2026-09-22,32.3394,-6.3608,34.4,23.1,0.0,16.6
Béni Mellal,2026-09-23,32.3394,-6.3608,35.8,22.4,0.0,18.0
Béni Mellal,2026-09-24,32.3394,-6.3608,36.7,24.7,0.0,17.9
Bouskoura,2026-09-18,33.4489,-7.6486,26.5,17.1,0.0,14.8
Bouskoura,2026-09-19,33.4489,-7.6486,30.1,18.6,0.0,14.6
Bouskoura,2026-09-20,33.4489,-7.6486,33.2,20.0,0.0,14.9
Bouskoura,2026-09-21,33.4489,-7.6486,33.4,20.1,0.0,15.9
Bouskoura,2026-09-22,33.4489,-7.6486,32.1,19.7,0.0,14.5
Bouskoura,2026-09-23,33.4489,-7.6486,28.8,18.7,0.0,12.6
Bouskoura,2026-09-24,33.4489,-7.6486,29.6,18.6,0.0,12.8
Tiznit,2026-09-18,29.7,-9.7269,25.5,18.8,0.0,18.2
Tiznit,2026-09-19,29.7,-9.7269,27.4,18.9,0.0,18.9
Tiznit,2026-09-20,29.7,-9.7269,29.4,20.0,0.0,10.5
Tiznit,2026-09-21,29.7,-9.7269,33.4,21.8,0.0,15.5
Tiznit,2026-09-22,29.7,-9.7269,31.0,22.5,0.0,15.6
Tiznit,2026-09-23,29.7,-9.7269,26.1,19.2,0.0,14.3
Tiznit,2026-09-24,29.7,-9.7269,25.1,17.3,0.0,13.6
Mohammedia,2026-09-18,33.6833,-7.3833,24.6,17.1,0.0,13.7
Mohammedia,2026-09-19,33.6833,-7.3833,26.9,17.8,0.0,13.0
Mohammedia,2026-09-20,33.6833,-7.3833,28.0,19.6,0.0,11.8
Mohammedia,2026-09-21,33.6833,-7.3833,27.7,20.2,0.0,12.9
Mohammedia,2026-09-22,33.6833,-7.3833,27.2,20.1,0.0,12.2
Mohammedia,2026-09-23,33.6833,-7.3833,30.7,19.5,0.0,16.6
Mohammedia,2026-09-24,33.6833,-7.3833,31.9,18.5,0.0,17.6
Kouribga,2026-09-18,32.88,-6.9,29.6,15.0,0.0,17.2
Kouribga,2026-09-19,32.88,-6.9,34.4,18.4,0.0,19.8
Kouribga,2026-09-20,32.88,-6.9,34.1,21.5,0.2,21.6
Kouribga,2026-09-21,32.88,-6.9,33.6,21.2,0.3,19.5
Kouribga,2026-09-22,32.88,-6.9,33.7,20.5,0.0,19.2
Kouribga,2026-09-23,32.88,-6.9,33.7,19.0,0.0,20.5
Kouribga,2026-09-24,32.88,-6.9,34.7,17.6,0.0,19.1
Settat,2026-09-18,33.0023,-7.6198,29.3,15.9,0.0,17.3
Settat,2026-09-19,33.0023,-7.6198,34.0,17.7,0.0,16.9
Settat,2026-09-20,33.0023,-7.6198,35.8,21.5,0.0,18.1
Settat,2026-09-21,33.0023,-7.6198,36.3,21.8,0.0,18.6
Settat,2026-09-22,33.0023,-7.6198,35.6,18.4,0.0,16.5
Settat,2026-09-23,33.0023,-7.6198,33.7,18.5,0.0,17.0
Settat,2026-09-24,33.0023,-7.6198,34.9,17.8,0.0,19.1
Barrechid,2026-09-18,33.27,-7.5872,28.9,15.8,0.0,17.7
Barrechid,2026-09-19,33.27,-7.5872,33.5,17.2,0.0,17.8
Barrechid,2026-09-20,33.27,-7.5872,35.8,19.5,0.0,20.0
Barrechid,2026-09-21,33.27,-7.5872,36.3,20.1,0.0,19.8
Barrechid,2026-09-22,33.27,-7.5872,34.8,18.4,0.0,18.1
Barrechid,2026-09-23,33.27,-7.5872,32.7,18.0,0.0,18.5
Barrechid,2026-09-24,33.27,-7.5872,33.5,18.0,0.0,20.9
Ad Dakhla,2026-09-18,23.7167,-15.95,21.3,20.5,0.0,35.9
Ad Dakhla,2026-09-19,23.7167,-15.95,21.2,19.9,0.0,29.2
Ad Dakhla,2026-09-20,23.7167,-15.95,21.6,19.5,0.0,28.2
Ad Dakhla,2026-09-21,23.7167,-15.95,21.6,20.3,0.0,29.6
Ad Dakhla,2026-09-22,23.7167,-15.95,22.0,20.4,0.0,31.3
Ad Dakhla,2026-09-23,23.7167,-15.95,22.1,20.2,0.0,29.0
Ad Dakhla,2026-09-24,23.7167,-15.95,23.0,20.5,0.0,22.9
Nador,2026-09-18,35.1667,-2.9333,25.1,21.8,2.5,17.1
Nador,2026-09-19,35.1667,-2.9333,25.2,22.7,5.0,22.4
Nador,2026-09-20,35.1667,-2.9333,25.7,22.9,5.1,22.3
Nador,2026-09-21,35.1667,-2.9333,26.2,23.2,0.3,17.8
Nador,2026-09-22,35.1667,-2.9333,25.8,21.1,0.0,12.5
Nador,2026-09-23,35.1667,-2.9333,26.6,19.7,0.0,15.5
Nador,2026-09-24,35.1667,-2.9333,27.2,16.6,0.0,14.6
Taza,2026-09-18,34.2144,-4.0088,29.2,17.4,0.0,19.5
Taza,2026-09-19,34.2144,-4.0088,29.3,19.5,0.5,34.6
Taza,2026-09-20,34.2144,-4.0088,29.5,20.6,0.0,20.8
Taza,2026-09-21,34.2144,-4.0088,28.3,20.1,0.0,19.9
Taza,2026-09-22,34.2144,-4.0088,29.9,17.6,0.0,17.3
Taza,2026-09-23,34.2144,-4.0088,32.0,17.7,0.0,17.1
Taza,2026-09-24,34.2144,-4.0088,32.6,17.3,0.0,17.5
Inezgane,2026-09-18,30.3658,-9.5381,24.8,19.0,0.0,11.7
Inezgane,2026-09-19,30.3658,-9.5381,24.5,19.8,0.0,14.4
Inezgane,2026-09-20,30.3658,-9.5381,25.6,19.7,0.0,13.5
Inezgane,2026-09-21,30.3658,-9.5381,30.1,20.3,0.0,11.9
Inezgane,2026-09-22,30.3658,-9.5381,27.9,19.0,0.0,12.6
Inezgane,2026-09-23,30.3658,-9.5381,33.2,19.0,0.0,13.9
Inezgane,2026-09-24,30.3658,-9.5381,31.8,18.3,0.0,13.2
Larache,2026-09-18,35.1833,-6.15,27.6,14.4,0.0,15.6
Larache,2026-09-19,35.1833,-6.15,35.1,18.6,0.0,20.1
Larache,2026-09-20,35.1833,-6.15,34.6,23.0,0.0,14.7
Larache,2026-09-21,35.1833,-6.15,32.5,22.6,0.0,12.7
Larache,2026-09-22,35.1833,-6.15,31.7,18.1,0.0,17.1
Larache,2026-09-23,35.1833,-6.15,30.8,18.8,0.0,13.8
Larache,2026-09-24,35.1833,-6.15,30.7,15.8,0.0,14.3
Al Khmissat,2026-09-18,33.81,-6.06,29.9,15.4,0.0,16.9
Al Khmissat,2026-09-19,33.81,-6.06,35.0,18.4,0.0,14.2
Al Khmissat,2026-09-20,33.81,-6.06,36.4,20.9,0.0,15.8
Al Khmissat,2026-09-21,33.81,-6.06,35.2,20.6,0.0,14.1
Al Khmissat,2026-09-22,33.81,-6.06,34.5,19.4,0.0,14.6
Al Khmissat,2026-09-23,33.81,-6.06,34.7,19.1,0.0,17.9
Al Khmissat,2026-09-24,33.81,-6.06,35.7,15.9,0.0,18.5
Guelmim,2026-09-18,28.9833,-10.0667,28.1,17.2,0.0,23.7
Guelmim,2026-09-19,28.9833,-10.0667,30.1,17.6,0.0,21.4
Guelmim,2026-09-20,28.9833,-10.0667,36.9,18.7,0.0,18.7
Guelmim,2026-09-21,28.9833,-10.0667,39.7,23.4,0.0,24.8
Guelmim,2026-09-22,28.9833,-10.0667,39.0,24.4,0.0,22.5
Guelmim,2026-09-23,28.9833,-10.0667,38.2,23.9,0.0,19.9
Guelmim,2026-09-24,28.9833,-10.0667,38.3,21.4,0.0,23.6
Ksar El Kebir,2026-09-18,35.0,-5.9,30.7,15.7,0.0,16.3
Ksar El Kebir,2026-09-19,35.0,-5.9,36.1,18.3,0.0,10.4
Ksar El Kebir,2026-09-20,35.0,-5.9,36.8,21.6,0.0,13.5
Ksar El Kebir,2026-09-21,35.0,-5.9,35.6,22.5,0.0,14.3
Ksar El Kebir,2026-09-22,35.0,-5.9,35.2,19.8,0.0,12.2
Ksar El Kebir,2026-09-23,35.0,-5.9,34.5,20.0,0.0,17.8
Ksar El Kebir,2026-09-24,35.0,-5.9,35.3,17.9,0.0,19.9
Khénifra,2026-09-18,32.93,-5.66,32.0,14.8,0.0,17.8
Khénifra,2026-09-19,32.93,-5.66,34.2,19.6,0.3,20.6
Khénifra,2026-09-20,32.93,-5.66,34.4,19.4,0.0,16.6
Khénifra,2026-09-21,32.93,-5.66,33.9,18.6,0.0,23.0
Khénifra,2026-09-22,32.93,-5.66,32.9,17.4,0.0,14.1
Khénifra,2026-09-23,32.93,-5.66,33.9,17.1,0.0,12.0
Khénifra,2026-09-24,32.93,-5.66,35.1,18.4,0.0,15.8
Skhirate,2026-09-18,33.85,-7.03,24.2,16.1,0.0,15.4
Skhirate,2026-09-19,33.85,-7.03,27.4,17.4,0.0,14.2
Skhirate,2026-09-20,33.85,-7.03,27.5,19.5,0.0,12.0
Skhirate,2026-09-21,33.85,-7.03,27.1,20.2,0.0,13.1
Skhirate,2026-09-22,33.85,-7.03,27.4,19.8,0.0,12.5
Skhirate,2026-09-23,33.85,-7.03,25.7,19.2,0.0,12.4
Skhirate,2026-09-24,33.85,-7.03,26.3,19.0,0.0,11.5
Beni Yakhlef,2026-09-18,33.6555,-7.3221,25.9,15.5,0.0,18.0
Beni Yakhlef,2026-09-19,33.6555,-7.3221,29.0,17.0,0.0,16.9
Beni Yakhlef,2026-09-20,33.6555,-7.3221,31.5,18.9,0.0,16.5
Beni Yakhlef,2026-09-21,33.6555,-7.3221,31.7,20.0,0.0,18.6
Beni Yakhlef,2026-09-22,33.6555,-7.3221,30.9,19.3,0.0,16.0
Beni Yakhlef,2026-09-23,33.6555,-7.3221,30.1,18.1,0.0,16.6
Beni Yakhlef,2026-09-24,33.6555,-7.3221,31.3,17.9,0.0,17.6
Sidi Yahya Zaer,2026-09-18,33.7105,-6.8831,27.4,14.9,0.0,17.9
Sidi Yahya Zaer,2026-09-19,33.7105,-6.8831,32.9,17.2,0.0,17.3
Sidi Yahya Zaer,2026-09-20,33.7105,-6.8831,34.0,19.7,0.0,18.7
Sidi Yahya Zaer,2026-09-21,33.7105,-6.8831,33.8,20.5,0.0,17.2
Sidi Yahya Zaer,2026-09-22,33.7105,-6.8831,33.3,19.6,0.0,17.1
Sidi Yahya Zaer,2026-09-23,33.7105,-6.8831,31.5,18.7,0.0,16.2
Sidi Yahya Zaer,2026-09-24,33.7105,-6.8831,32.4,16.5,0.0,15.6
Ben Guerir,2026-09-18,32.23,-7.95,29.9,16.2,0.0,13.0
Ben Guerir,2026-09-19,32.23,-7.95,35.0,20.2,0.0,17.0
Ben Guerir,2026-09-20,32.23,-7.95,35.6,23.3,0.0,17.3
Ben Guerir,2026-09-21,32.23,-7.95,37.2,23.4,0.0,19.5
Ben Guerir,2026-09-22,32.23,-7.95,35.8,21.0,0.0,14.6
Ben Guerir,2026-09-23,32.23,-7.95,35.0,18.8,0.0,20.3
Ben Guerir,2026-09-24,32.23,-7.95,36.1,19.0,0.0,22.2
Ait Ali,2026-09-18,30.1739,-9.4881,26.2,19.0,0.0,21.5
Ait Ali,2026-09-19,30.1739,-9.4881,26.3,19.6,0.0,20.9
Ait Ali,2026-09-20,30.1739,-9.4881,26.9,20.1,0.0,18.6
Ait Ali,2026-09-21,30.1739,-9.4881,33.8,21.2,0.0,20.9
Ait Ali,2026-09-22,30.1739,-9.4881,29.2,20.5,0.0,21.7
Ait Ali,2026-09-23,30.1739,-9.4881,28.4,19.9,0.0,18.4
Ait Ali,2026-09-24,30.1739,-9.4881,27.2,17.7,0.0,18.4
My Drarga,2026-09-18,30.3805,-9.4763,26.1,18.9,0.0,14.9
My Drarga,2026-09-19,30.3805,-9.4763,25.9,19.7,0.0,17.0
My Drarga,2026-09-20,30.3805,-9.4763,27.4,19.8,0.0,15.2
My Drarga,2026-09-21,30.3805,-9.4763,34.1,21.3,0.0,12.8
My Drarga,2026-09-22,30.3805,-9.4763,30.6,19.9,0.0,15.8
My Drarga,2026-09-23,30.3805,-9.4763,33.0,19.7,0.0,13.9
My Drarga,2026-09-24,30.3805,-9.4763,31.6,18.2,0.0,13.2
Lqoliaa,2026-09-18,30.2942,-9.4544,26.8,18.9,0.0,17.6
Lqoliaa,2026-09-19,30.2942,-9.4544,26.5,19.7,0.0,20.8
Lqoliaa,2026-09-20,30.2942,-9.4544,27.3,19.9,0.0,19.7
Lqoliaa,2026-09-21,30.2942,-9.4544,36.1,20.6,0.0,19.8
Lqoliaa,2026-09-22,30.2942,-9.4544,31.2,20.1,0.0,20.9
Lqoliaa,2026-09-23,30.2942,-9.4544,27.6,18.5,0.0,17.1
Lqoliaa,2026-09-24,30.2942,-9.4544,26.3,17.3,0.0,17.1
El Kelaa des Srarhna,2026-09-18,32.05,-7.4,31.2,17.7,0.0,12.2
El Kelaa des Srarhna,2026-09-19,32.05,-7.4,36.4,20.8,0.0,17.6
El Kelaa des Srarhna,2026-09-20,32.05,-7.4,37.3,23.0,0.2,17.2
El Kelaa des Srarhna,2026-09-21,32.05,-7.4,37.4,22.9,0.0,20.6
El Kelaa des Srarhna,2026-09-22,32.05,-7.4,36.2,21.2,0.0,14.2
El Kelaa des Srarhna,2026-09-23,32.05,-7.4,35.2,20.5,0.0,16.5
El Kelaa des Srarhna,2026-09-24,32.05,-7.4,36.5,19.0,0.0,18.2
Moulay Abdallah,2026-09-18,33.1978,-8.5883,25.1,19.4,0.0,19.6
Moulay Abdallah,2026-09-19,33.1978,-8.5883,27.1,20.5,0.0,18.7
Moulay Abdallah,2026-09-20,33.1978,-8.5883,27.3,20.9,0.0,13.3
Moulay Abdallah,2026-09-21,33.1978,-8.5883,29.2,21.1,0.0,14.3
Moulay Abdallah,2026-09-22,33.1978,-8.5883,26.3,20.8,0.0,13.4
Moulay Abdallah,2026-09-23,33.1978,-8.5883,27.3,20.7,0.0,14.4
Moulay Abdallah,2026-09-24,33.1978,-8.5883,27.0,20.4,0.0,15.0
Tiflet,2026-09-18,33.9,-6.33,29.3,15.5,0.0,16.7
Tiflet,2026-09-19,33.9,-6.33,34.7,18.5,0.0,15.2
Tiflet,2026-09-20,33.9,-6.33,36.4,20.8,0.0,17.9
Tiflet,2026-09-21,33.9,-6.33,35.1,21.1,0.0,16.1
Tiflet,2026-09-22,33.9,-6.33,34.3,19.5,0.0,13.8
Tiflet,2026-09-23,33.9,-6.33,35.1,21.2,0.0,17.0
Tiflet,2026-09-24,33.9,-6.33,35.9,18.5,0.0,15.0
Oulad Teïma,2026-09-18,30.4,-9.21,29.2,18.3,0.0,20.7
Oulad Teïma,2026-09-19,30.4,-9.21,29.1,19.3,0.0,24.2
Oulad Teïma,2026-09-20,30.4,-9.21,30.8,19.6,0.0,22.6
Oulad Teïma,2026-09-21,30.4,-9.21,40.3,21.0,0.0,22.5
Oulad Teïma,2026-09-22,30.4,-9.21,38.0,20.4,0.0,29.8
Oulad Teïma,2026-09-23,30.4,-9.21,32.9,18.3,0.0,27.6
Oulad Teïma,2026-09-24,30.4,-9.21,29.8,16.3,0.0,26.4
Berkane,2026-09-18,34.9167,-2.3167,26.5,18.4,0.0,19.0
Berkane,2026-09-19,34.9167,-2.3167,26.6,20.4,0.0,18.8
Berkane,2026-09-20,34.9167,-2.3167,27.1,21.2,0.0,18.9
Berkane,2026-09-21,34.9167,-2.3167,26.5,19.4,0.1,20.2
Berkane,2026-09-22,34.9167,-2.3167,26.9,17.7,0.0,15.8
Berkane,2026-09-23,34.9167,-2.3167,27.7,16.5,0.0,12.4
Berkane,2026-09-24,34.9167,-2.3167,28.3,17.7,0.0,11.2
Ain El Aouda,2026-09-18,33.8111,-6.7922,27.4,14.9,0.0,16.8
Ain El Aouda,2026-09-19,33.8111,-6.7922,33.2,16.3,0.0,17.2
Ain El Aouda,2026-09-20,33.8111,-6.7922,33.8,18.5,0.0,17.1
Ain El Aouda,2026-09-21,33.8111,-6.7922,33.4,19.6,0.0,15.5
Ain El Aouda,2026-09-22,33.8111,-6.7922,33.1,18.8,0.0,15.3
Ain El Aouda,2026-09-23,33.8111,-6.7922,32.5,18.1,0.0,16.5
Ain El Aouda,2026-09-24,33.8111,-6.7922,33.2,16.8,0.0,15.3
Errachidia,2026-09-18,31.9319,-4.4244,31.0,18.7,5.2,16.3
Errachidia,2026-09-19,31.9319,-4.4244,28.2,19.5,5.0,15.5
Errachidia,2026-09-20,31.9319,-4.4244,29.1,18.6,0.2,10.6
Errachidia,2026-09-21,31.9319,-4.4244,30.5,20.0,0.9,15.4
Errachidia,2026-09-22,31.9319,-4.4244,29.1,17.9,0.0,5.7
Errachidia,2026-09-23,31.9319,-4.4244,30.2,18.3,0.0,11.7
Errachidia,2026-09-24,31.9319,-4.4244,30.9,19.1,0.0,13.3
Al Fqih Ben Çalah,2026-09-18,32.507,-6.6886,33.7,16.4,0.0,10.2
Al Fqih Ben Çalah,2026-09-19,32.507,-6.6886,37.8,20.4,0.0,15.2
Al Fqih Ben Çalah,2026-09-20,32.507,-6.6886,38.4,22.7,0.0,23.4
Al Fqih Ben Çalah,2026-09-21,32.507,-6.6886,37.4,20.8,0.0,14.3
Al Fqih Ben Çalah,2026-09-22,32.507,-6.6886,36.8,18.1,0.0,16.4
Al Fqih Ben Çalah,2026-09-23,32.507,-6.6886,37.4,18.2,0.0,9.8
Al Fqih Ben Çalah,2026-09-24,32.507,-6.6886,38.3,15.7,0.0,10.5
Ad Darwa,2026-09-18,33.4167,-7.5333,27.0,16.7,0.0,16.2
Ad Darwa,2026-09-19,33.4167,-7.5333,30.8,18.2,0.0,16.4
Ad Darwa,2026-09-20,33.4167,-7.5333,34.3,19.6,0.0,16.1
Ad Darwa,2026-09-21,33.4167,-7.5333,34.3,20.1,0.0,17.3
Ad Darwa,2026-09-22,33.4167,-7.5333,32.8,19.4,0.0,16.2
Ad Darwa,2026-09-23,33.4167,-7.5333,32.8,18.3,0.0,17.9
Ad Darwa,2026-09-24,33.4167,-7.5333,34.0,17.7,0.0,20.0
Martil,2026-09-18,35.61,-5.27,24.7,19.1,0.3,19.5
Martil,2026-09-19,35.61,-5.27,24.7,22.2,2.2,27.3
Martil,2026-09-20,35.61,-5.27,24.8,22.8,3.9,25.4
Martil,2026-09-21,35.61,-5.27,25.6,21.9,0.4,22.6
Martil,2026-09-22,35.61,-5.27,25.2,21.6,0.0,18.1
Martil,2026-09-23,35.61,-5.27,25.0,20.9,0.0,14.0
Martil,2026-09-24,35.61,-5.27,24.8,20.4,0.0,11.7
Sidi Slimane,2026-09-18,34.26,-5.93,32.2,16.3,0.0,16.8
Sidi Slimane,2026-09-19,34.26,-5.93,37.4,19.4,0.0,18.1
Sidi Slimane,2026-09-20,34.26,-5.93,38.5,23.9,0.0,17.0
Sidi Slimane,2026-09-21,34.26,-5.93,37.2,22.7,0.0,13.0
Sidi Slimane,2026-09-22,34.26,-5.93,36.8,22.1,0.0,15.2
Sidi Slimane,2026-09-23,34.26,-5.93,37.0,18.9,0.0,14.5
Sidi Slimane,2026-09-24,34.26,-5.93,38.2,17.2,0.0,14.5
Oued Zem,2026-09-18,32.8619,-6.5711,31.1,15.3,0.0,17.3
Oued Zem,2026-09-19,32.8619,-6.5711,34.4,19.2,0.0,17.9
Oued Zem,2026-09-20,32.8619,-6.5711,35.0,22.9,0.0,23.0
Oued Zem,2026-09-21,32.8619,-6.5711,33.7,21.7,0.0,21.3
Oued Zem,2026-09-22,32.8619,-6.5711,33.7,20.7,0.0,14.1
Oued Zem,2026-09-23,32.8619,-6.5711,33.6,19.9,0.0,16.0
Oued Zem,2026-09-24,32.8619,-6.5711,34.8,18.5,0.0,19.2
Sefrou,2026-09-18,33.83,-4.83,28.2,16.4,0.0,14.8
Sefrou,2026-09-19,33.83,-4.83,31.0,19.5,0.1,19.3
Sefrou,2026-09-20,33.83,-4.83,31.8,20.1,0.0,17.3
Sefrou,2026-09-21,33.83,-4.83,30.5,19.8,0.0,16.0
Sefrou,2026-09-22,33.83,-4.83,30.1,19.0,0.0,17.0
Sefrou,2026-09-23,33.83,-4.83,31.6,19.4,0.0,13.0
Sefrou,2026-09-24,33.83,-4.83,32.7,16.8,0.0,14.8
Taroudannt,2026-09-18,30.4711,-8.8778,30.1,18.2,0.0,18.4
Taroudannt,2026-09-19,30.4711,-8.8778,31.2,19.8,0.0,22.0
Taroudannt,2026-09-20,30.4711,-8.8778,33.5,20.5,0.0,21.7
Taroudannt,2026-09-21,30.4711,-8.8778,40.4,22.5,0.0,28.2
Taroudannt,2026-09-22,30.4711,-8.8778,38.3,21.4,0.0,30.7
Taroudannt,2026-09-23,30.4711,-8.8778,37.8,19.1,0.0,27.0
Taroudannt,2026-09-24,30.4711,-8.8778,36.5,17.1,0.0,23.4
Essaouira,2026-09-18,31.513,-9.7687,23.6,18.7,0.0,26.8
Essaouira,2026-09-19,31.513,-9.7687,24.4,18.5,0.0,18.0
Essaouira,2026-09-20,31.513,-9.7687,24.6,19.4,0.0,12.1
Essaouira,2026-09-21,31.513,-9.7687,25.1,18.5,0.0,9.3
Essaouira,2026-09-22,31.513,-9.7687,23.3,17.6,0.0,10.9
Essaouira,2026-09-23,31.513,-9.7687,27.0,17.4,0.0,11.8
Essaouira,2026-09-24,31.513,-9.7687,27.2,18.5,0.0,11.6
Azrou,2026-09-18,33.4344,-5.2213,26.4,13.5,0.0,16.3
Azrou,2026-09-19,33.4344,-5.2213,28.8,18.3,0.5,17.1
Azrou,2026-09-20,33.4344,-5.2213,29.1,17.9,0.0,19.6
Azrou,2026-09-21,33.4344,-5.2213,28.0,16.5,0.0,18.7
Azrou,2026-09-22,33.4344,-5.2213,27.3,14.5,0.0,16.8
Azrou,2026-09-23,33.4344,-5.2213,28.2,16.6,0.0,12.5
Azrou,2026-09-24,33.4344,-5.2213,29.2,18.4,0.0,15.7
Guercif,2026-09-18,34.23,-3.36,30.3,18.3,0.0,28.8
Guercif,2026-09-19,34.23,-3.36,30.8,21.0,2.0,27.9
Guercif,2026-09-20,34.23,-3.36,30.9,21.4,0.0,29.7
Guercif,2026-09-21,34.23,-3.36,29.1,20.4,0.0,28.6
Guercif,2026-09-22,34.23,-3.36,31.0,17.7,0.0,23.9
Guercif,2026-09-23,34.23,-3.36,32.3,17.3,0.0,23.9
Guercif,2026-09-24,34.23,-3.36,33.5,17.4,0.0,23.7
Warzat,2026-09-18,30.9167,-6.9167,31.5,16.6,0.0,12.3
Warzat,2026-09-19,30.9167,-6.9167,31.6,20.3,0.0,22.9
Warzat,2026-09-20,30.9167,-6.9167,32.2,19.4,0.0,21.6
Warzat,2026-09-21,30.9167,-6.9167,32.7,19.0,0.1,28.7
Warzat,2026-09-22,30.9167,-6.9167,33.4,17.3,0.0,28.7
Warzat,2026-09-23,30.9167,-6.9167,31.7,16.3,0.0,16.2
Warzat,2026-09-24,30.9167,-6.9167,33.1,17.5,0.3,9.8
Fnidq,2026-09-18,35.8414,-5.3587,24.3,19.1,0.5,18.5
Fnidq,2026-09-19,35.8414,-5.3587,24.4,21.4,2.4,27.1
Fnidq,2026-09-20,35.8414,-5.3587,24.3,22.0,2.9,23.7
Fnidq,2026-09-21,35.8414,-5.3587,25.1,21.5,0.2,21.5
Fnidq,2026-09-22,35.8414,-5.3587,25.0,20.7,0.0,18.9
Fnidq,2026-09-23,35.8414,-5.3587,25.0,20.0,0.0,14.0
Fnidq,2026-09-24,35.8414,-5.3587,24.7,20.3,0.0,11.7
Tan-Tan,2026-09-18,28.4333,-11.1,25.7,19.7,0.0,26.9
Tan-Tan,2026-09-19,28.4333,-11.1,26.7,19.2,0.0,20.2
Tan-Tan,2026-09-20,28.4333,-11.1,32.1,18.0,0.0,18.6
Tan-Tan,2026-09-21,28.4333,-11.1,34.2,19.0,0.0,26.5
Tan-Tan,2026-09-22,28.4333,-11.1,34.3,18.9,0.0,17.5
Tan-Tan,2026-09-23,28.4333,-11.1,37.0,20.9,0.0,23.4
Tan-Tan,2026-09-24,28.4333,-11.1,37.2,21.4,0.0,18.8
Sidi Qacem,2026-09-18,34.21,-5.7,32.2,17.1,0.0,13.7
Sidi Qacem,2026-09-19,34.21,-5.7,36.6,21.3,0.0,18.4
Sidi Qacem,2026-09-20,34.21,-5.7,37.8,25.2,0.0,15.8
Sidi Qacem,2026-09-21,34.21,-5.7,36.5,23.9,0.0,14.4
Sidi Qacem,2026-09-22,34.21,-5.7,36.2,22.9,0.0,9.0
Sidi Qacem,2026-09-23,34.21,-5.7,36.6,20.1,0.0,14.3
Sidi Qacem,2026-09-24,34.21,-5.7,37.8,19.7,0.0,14.8
M’diq,2026-09-18,35.68,-5.32,24.6,19.0,0.3,19.5
M’diq,2026-09-19,35.68,-5.32,24.5,22.0,2.2,27.3
M’diq,2026-09-20,35.68,-5.32,24.6,22.6,3.9,25.4
M’diq,2026-09-21,35.68,-5.32,25.5,21.8,0.4,22.6
M’diq,2026-09-22,35.68,-5.32,25.0,21.5,0.0,18.1
M’diq,2026-09-23,35.68,-5.32,27.6,20.8,0.0,16.8
M’diq,2026-09-24,35.68,-5.32,27.8,20.2,0.0,14.0
Youssoufia,2026-09-18,32.25,-8.53,29.8,16.5,0.0,15.9
Youssoufia,2026-09-19,32.25,-8.53,34.1,17.4,0.0,16.4
Youssoufia,2026-09-20,32.25,-8.53,35.1,21.5,0.0,18.1
Youssoufia,2026-09-21,32.25,-8.53,37.8,22.0,0.0,18.7
Youssoufia,2026-09-22,32.25,-8.53,36.0,19.6,0.0,16.1
Youssoufia,2026-09-23,32.25,-8.53,34.1,18.5,0.0,20.1
Youssoufia,2026-09-24,32.25,-8.53,33.8,18.7,0.0,19.2
Midalt,2026-09-18,32.68,-4.74,27.5,12.9,0.0,23.8
Midalt,2026-09-19,32.68,-4.74,27.4,14.2,1.5,21.0
Midalt,2026-09-20,32.68,-4.74,28.8,14.0,0.3,21.8
Midalt,2026-09-21,32.68,-4.74,28.6,14.9,0.0,24.9
Midalt,2026-09-22,32.68,-4.74,27.5,13.6,0.0,19.8
Midalt,2026-09-23,32.68,-4.74,28.3,13.4,0.0,13.4
Midalt,2026-09-24,32.68,-4.74,29.5,12.9,0.0,10.2
Aïn Harrouda,2026-09-18,33.6372,-7.4483,25.3,17.1,0.0,13.4
Aïn Harrouda,2026-09-19,33.6372,-7.4483,27.7,17.9,0.0,12.4
Aïn Harrouda,2026-09-20,33.6372,-7.4483,30.0,19.5,0.0,11.8
Aïn Harrouda,2026-09-21,33.6372,-7.4483,30.2,20.3,0.0,13.1
Aïn Harrouda,2026-09-22,33.6372,-7.4483,29.1,20.1,0.0,11.5
Aïn Harrouda,2026-09-23,33.6372,-7.4483,28.3,19.2,0.0,13.4
Aïn Harrouda,2026-09-24,33.6372,-7.4483,29.2,19.0,0.0,13.2
Souq Sebt Oulad Nemma,2026-09-18,32.3,-6.7,33.5,17.7,0.0,11.5
Souq Sebt Oulad Nemma,2026-09-19,32.3,-6.7,38.1,20.8,0.2,14.9
Souq Sebt Oulad Nemma,2026-09-20,32.3,-6.7,38.8,23.1,0.6,17.5
Souq Sebt Oulad Nemma,2026-09-21,32.3,-6.7,37.6,22.8,0.0,14.5
Souq Sebt Oulad Nemma,2026-09-22,32.3,-6.7,37.2,21.4,0.0,11.3
Souq Sebt Oulad Nemma,2026-09-23,32.3,-6.7,37.7,20.1,0.0,11.9
Souq Sebt Oulad Nemma,2026-09-24,32.3,-6.7,38.5,18.6,0.0,8.8
Mehdya,2026-09-18,34.2557,-6.6745,26.1,15.6,0.0,15.5
Mehdya,2026-09-19,34.2557,-6.6745,34.0,17.7,0.0,17.5
Mehdya,2026-09-20,34.2557,-6.6745,35.2,21.0,0.0,12.8
Mehdya,2026-09-21,34.2557,-6.6745,31.9,20.9,0.0,13.5
Mehdya,2026-09-22,34.2557,-6.6745,30.1,19.5,0.0,12.4
Mehdya,2026-09-23,34.2557,-6.6745,29.0,19.6,0.0,12.3
Mehdya,2026-09-24,34.2557,-6.6745,29.7,17.8,0.0,12.5
Ouezzane,2026-09-18,34.8,-5.6,30.6,14.1,0.0,14.5
Ouezzane,2026-09-19,34.8,-5.6,35.4,17.7,0.0,16.9
Ouezzane,2026-09-20,34.8,-5.6,36.4,20.5,0.0,12.4
Ouezzane,2026-09-21,34.8,-5.6,35.1,20.4,0.0,11.0
Ouezzane,2026-09-22,34.8,-5.6,35.0,18.2,0.0,8.2
Ouezzane,2026-09-23,34.8,-5.6,35.3,18.6,0.0,12.6
Ouezzane,2026-09-24,34.8,-5.6,36.7,17.2,0.0,15.3
Semara,2026-09-18,26.7394,-11.6703,30.7,19.8,0.0,25.1
Semara,2026-09-19,26.7394,-11.6703,32.0,18.4,0.0,20.5
Semara,2026-09-20,26.7394,-11.6703,37.4,18.8,0.0,19.6
Semara,2026-09-21,26.7394,-11.6703,41.3,23.9,0.0,23.0
Semara,2026-09-22,26.7394,-11.6703,41.7,24.6,0.0,28.8
Semara,2026-09-23,26.7394,-11.6703,41.6,26.8,0.0,22.5
Semara,2026-09-24,26.7394,-11.6703,40.9,26.6,0.0,20.1
Ait Ourir,2026-09-18,31.5644,-7.6628,29.8,16.6,0.0,8.9
Ait Ourir,2026-09-19,31.5644,-7.6628,35.0,19.9,0.2,11.4
Ait Ourir,2026-09-20,31.5644,-7.6628,35.4,22.0,0.4,12.7
Ait Ourir,2026-09-21,31.5644,-7.6628,35.7,22.1,0.0,21.4
Ait Ourir,2026-09-22,31.5644,-7.6628,34.9,21.5,0.0,16.6
Ait Ourir,2026-09-23,31.5644,-7.6628,34.4,18.9,0.0,12.2
Ait Ourir,2026-09-24,31.5644,-7.6628,35.4,18.9,0.0,12.8
Oulad Tayeb,2026-09-18,33.9598,-4.9954,31.2,17.3,0.0,13.4
Oulad Tayeb,2026-09-19,33.9598,-4.9954,33.5,19.6,0.0,21.2
Oulad Tayeb,2026-09-20,33.9598,-4.9954,34.8,20.4,0.0,16.2
Oulad Tayeb,2026-09-21,33.9598,-4.9954,33.6,20.6,0.0,14.6
Oulad Tayeb,2026-09-22,33.9598,-4.9954,33.5,19.3,0.0,12.7
Oulad Tayeb,2026-09-23,33.9598,-4.9954,34.1,19.3,0.0,8.7
Oulad Tayeb,2026-09-24,33.9598,-4.9954,35.2,20.7,0.0,9.6
Tit Mellil,2026-09-18,33.5533,-7.4822,25.1,17.4,0.0,13.7
Tit Mellil,2026-09-19,33.5533,-7.4822,27.8,18.3,0.0,13.2
Tit Mellil,2026-09-20,33.5533,-7.4822,31.0,19.3,0.0,12.7
Tit Mellil,2026-09-21,33.5533,-7.4822,31.0,20.4,0.0,13.5
Tit Mellil,2026-09-22,33.5533,-7.4822,29.8,19.9,0.0,12.1
Tit Mellil,2026-09-23,33.5533,-7.4822,28.5,18.8,0.0,12.6
Tit Mellil,2026-09-24,33.5533,-7.4822,29.8,18.7,0.0,12.8
Sidi Bennour,2026-09-18,32.655,-8.4292,29.2,16.1,0.0,18.9
Sidi Bennour,2026-09-19,32.655,-8.4292,33.7,17.4,0.0,19.5
Sidi Bennour,2026-09-20,32.655,-8.4292,34.5,20.0,0.0,17.8
Sidi Bennour,2026-09-21,32.655,-8.4292,38.2,20.0,0.0,20.0
Sidi Bennour,2026-09-22,32.655,-8.4292,35.5,17.9,0.0,16.7
Sidi Bennour,2026-09-23,32.655,-8.4292,33.8,19.1,0.0,17.2
Sidi Bennour,2026-09-24,32.655,-8.4292,33.1,17.3,0.0,19.9
Temsia,2026-09-18,30.3633,-9.4144,27.2,19.0,0.0,17.9
Temsia,2026-09-19,30.3633,-9.4144,26.8,19.7,0.0,22.1
Temsia,2026-09-20,30.3633,-9.4144,28.4,19.9,0.0,18.8
Temsia,2026-09-21,30.3633,-9.4144,37.5,21.2,0.0,16.4
Temsia,2026-09-22,30.3633,-9.4144,33.0,20.1,0.0,21.0
Temsia,2026-09-23,30.3633,-9.4144,32.7,19.2,0.0,27.6
Temsia,2026-09-24,30.3633,-9.4144,30.3,16.8,0.0,26.4
Biougra,2026-09-18,30.2144,-9.3708,27.6,19.1,0.0,23.5
Biougra,2026-09-19,30.2144,-9.3708,27.6,19.5,0.0,22.6
Biougra,2026-09-20,30.2144,-9.3708,28.7,20.1,0.0,19.1
Biougra,2026-09-21,30.2144,-9.3708,37.7,21.8,0.0,22.1
Biougra,2026-09-22,30.2144,-9.3708,33.3,21.4,0.0,22.9
Biougra,2026-09-23,30.2144,-9.3708,29.4,18.2,0.0,23.6
Biougra,2026-09-24,30.2144,-9.3708,27.9,16.6,0.0,23.0
Al Hoceïma,2026-09-18,35.2472,-3.9322,26.8,18.9,0.0,21.5
Al Hoceïma,2026-09-19,35.2472,-3.9322,27.4,20.6,0.0,28.2
Al Hoceïma,2026-09-20,35.2472,-3.9322,27.8,23.4,0.0,24.3
Al Hoceïma,2026-09-21,35.2472,-3.9322,28.7,20.4,0.0,24.4
Al Hoceïma,2026-09-22,35.2472,-3.9322,28.3,17.6,0.0,14.7
Al Hoceïma,2026-09-23,35.2472,-3.9322,26.2,18.1,0.0,9.1
Al Hoceïma,2026-09-24,35.2472,-3.9322,26.8,17.9,0.0,8.1
Qasbat Tadla,2026-09-18,32.6,-6.26,33.6,17.0,0.0,12.3
Qasbat Tadla,2026-09-19,32.6,-6.26,37.2,21.7,0.0,15.2
Qasbat Tadla,2026-09-20,32.6,-6.26,38.1,22.6,0.0,19.1
Qasbat Tadla,2026-09-21,32.6,-6.26,36.0,21.3,0.8,12.9
Qasbat Tadla,2026-09-22,32.6,-6.26,35.9,18.5,0.0,9.5
Qasbat Tadla,2026-09-23,32.6,-6.26,36.7,18.0,0.0,8.1
Qasbat Tadla,2026-09-24,32.6,-6.26,37.7,14.4,0.0,10.4
Aziylal,2026-09-18,31.96,-6.56,26.4,16.0,0.0,15.7
Aziylal,2026-09-19,31.96,-6.56,28.7,19.4,0.1,17.1
Aziylal,2026-09-20,31.96,-6.56,29.2,19.8,0.3,18.5
Aziylal,2026-09-21,31.96,-6.56,27.6,19.1,0.1,20.0
Aziylal,2026-09-22,31.96,-6.56,28.2,17.4,0.0,19.7
Aziylal,2026-09-23,31.96,-6.56,29.1,17.2,0.0,17.7
Aziylal,2026-09-24,31.96,-6.56,29.9,17.3,0.0,18.2
Boujad,2026-09-18,32.7741,-6.3925,32.2,16.3,0.0,17.8
Boujad,2026-09-19,32.7741,-6.3925,35.4,21.4,0.0,16.9
Boujad,2026-09-20,32.7741,-6.3925,36.0,22.0,0.0,25.7
Boujad,2026-09-21,32.7741,-6.3925,34.2,21.3,0.7,18.9
Boujad,2026-09-22,32.7741,-6.3925,34.0,19.4,0.0,12.6
Boujad,2026-09-23,32.7741,-6.3925,34.3,19.4,0.0,14.0
Boujad,2026-09-24,32.7741,-6.3925,35.5,19.0,0.0,16.0
Al Aaroui,2026-09-18,35.0104,-3.0073,26.4,18.4,0.0,25.5
Al Aaroui,2026-09-19,35.0104,-3.0073,26.0,21.2,0.0,30.4
Al Aaroui,2026-09-20,35.0104,-3.0073,26.9,21.7,0.2,27.8
Al Aaroui,2026-09-21,35.0104,-3.0073,26.8,20.0,0.1,24.5
Al Aaroui,2026-09-22,35.0104,-3.0073,27.0,17.7,0.0,21.1
Al Aaroui,2026-09-23,35.0104,-3.0073,29.6,16.5,0.0,16.3
Al Aaroui,2026-09-24,35.0104,-3.0073,30.7,14.6,0.0,13.9
Mrirt,2026-09-18,33.1654,-5.5634,30.2,14.5,0.0,18.4
Mrirt,2026-09-19,33.1654,-5.5634,32.5,17.4,0.1,16.6
Mrirt,2026-09-20,33.1654,-5.5634,32.5,18.7,0.0,22.6
Mrirt,2026-09-21,33.1654,-5.5634,31.9,17.6,0.0,24.0
Mrirt,2026-09-22,33.1654,-5.5634,31.8,16.4,0.0,16.2
Mrirt,2026-09-23,33.1654,-5.5634,31.8,15.9,0.0,17.7
Mrirt,2026-09-24,33.1654,-5.5634,33.0,14.2,0.0,17.5
Tineghir,2026-09-18,31.5147,-5.5328,30.1,18.1,0.0,18.3
Tineghir,2026-09-19,31.5147,-5.5328,27.4,18.8,1.1,17.7
Tineghir,2026-09-20,31.5147,-5.5328,27.1,17.5,0.8,19.4
Tineghir,2026-09-21,31.5147,-5.5328,29.4,18.9,0.9,22.8
Tineghir,2026-09-22,31.5147,-5.5328,29.2,17.2,0.0,11.6
Tineghir,2026-09-23,31.5147,-5.5328,29.9,16.6,0.0,17.1
Tineghir,2026-09-24,31.5147,-5.5328,31.2,17.9,0.0,9.4
Bouknadel,2026-09-18,34.1766,-6.6893,25.0,16.6,0.0,17.0
Bouknadel,2026-09-19,34.1766,-6.6893,31.0,18.4,0.0,19.9
Bouknadel,2026-09-20,34.1766,-6.6893,31.9,20.4,0.0,14.1
Bouknadel,2026-09-21,34.1766,-6.6893,29.1,20.8,0.0,14.1
Bouknadel,2026-09-22,34.1766,-6.6893,28.0,20.1,0.0,13.1
Bouknadel,2026-09-23,34.1766,-6.6893,28.9,19.8,0.0,12.3
Bouknadel,2026-09-24,34.1766,-6.6893,29.6,17.7,0.0,12.5
Cabo Bojador,2026-09-18,26.1269,-14.4992,24.9,20.1,0.0,24.3
Cabo Bojador,2026-09-19,26.1269,-14.4992,24.9,18.5,0.0,23.7
Cabo Bojador,2026-09-20,26.1269,-14.4992,27.1,18.9,0.0,25.8
Cabo Bojador,2026-09-21,26.1269,-14.4992,25.8,20.0,0.0,25.9
Cabo Bojador,2026-09-22,26.1269,-14.4992,27.7,20.6,0.0,28.8
Cabo Bojador,2026-09-23,26.1269,-14.4992,27.0,20.5,0.0,28.6
Cabo Bojador,2026-09-24,26.1269,-14.4992,33.7,22.0,0.0,27.2
Zagora,2026-09-18,30.3316,-5.8376,34.5,25.0,0.1,23.4
Zagora,2026-09-19,30.3316,-5.8376,34.0,25.4,1.0,24.5
Zagora,2026-09-20,30.3316,-5.8376,34.0,23.6,0.2,15.2
Zagora,2026-09-21,30.3316,-5.8376,35.0,24.2,0.6,16.9
Zagora,2026-09-22,30.3316,-5.8376,33.6,24.0,0.0,17.6
Zagora,2026-09-23,30.3316,-5.8376,33.1,24.5,0.0,14.1
Zagora,2026-09-24,30.3316,-5.8376,34.8,24.4,0.0,15.7
Azemmour,2026-09-18,33.2833,-8.3333,25.1,17.8,0.0,17.2
Azemmour,2026-09-19,33.2833,-8.3333,27.0,19.5,0.0,16.8
Azemmour,2026-09-20,33.2833,-8.3333,27.9,19.7,0.0,13.5
Azemmour,2026-09-21,33.2833,-8.3333,29.4,21.1,0.0,15.1
Azemmour,2026-09-22,33.2833,-8.3333,26.7,20.5,0.0,13.6
Azemmour,2026-09-23,33.2833,-8.3333,27.7,20.6,0.0,14.4
Azemmour,2026-09-24,33.2833,-8.3333,27.8,20.5,0.0,14.7
El Hajeb,2026-09-18,33.6928,-5.3711,27.7,14.9,0.0,16.7
El Hajeb,2026-09-19,33.6928,-5.3711,30.9,17.4,0.4,16.9
El Hajeb,2026-09-20,33.6928,-5.3711,32.1,20.2,0.0,18.1
El Hajeb,2026-09-21,33.6928,-5.3711,31.0,20.2,0.0,17.5
El Hajeb,2026-09-22,33.6928,-5.3711,30.7,19.3,0.0,17.7
El Hajeb,2026-09-23,33.6928,-5.3711,31.0,19.6,0.0,16.5
El Hajeb,2026-09-24,33.6928,-5.3711,32.2,18.0,0.0,16.6
Jerada,2026-09-18,34.31,-2.16,27.7,15.3,0.0,21.6
Jerada,2026-09-19,34.31,-2.16,27.2,16.6,3.8,15.9
Jerada,2026-09-20,34.31,-2.16,26.8,16.0,1.1,20.6
Jerada,2026-09-21,34.31,-2.16,25.2,17.0,0.0,23.1
Jerada,2026-09-22,34.31,-2.16,26.7,15.5,0.0,17.4
Jerada,2026-09-23,34.31,-2.16,29.1,17.1,0.0,20.9
Jerada,2026-09-24,34.31,-2.16,30.4,16.2,0.0,21.5
El Aïoun,2026-09-18,34.5726,-2.5127,29.4,15.7,0.0,21.8
El Aïoun,2026-09-19,34.5726,-2.5127,29.9,19.5,1.0,22.5
El Aïoun,2026-09-20,34.5726,-2.5127,30.8,19.2,0.0,20.4
El Aïoun,2026-09-21,34.5726,-2.5127,27.3,18.3,0.2,19.2
El Aïoun,2026-09-22,34.5726,-2.5127,29.9,15.3,0.0,16.4
El Aïoun,2026-09-23,34.5726,-2.5127,30.7,14.4,0.0,15.9
El Aïoun,2026-09-24,34.5726,-2.5127,31.8,15.6,0.0,15.8
Tameslouht,2026-09-18,31.5,-8.1,30.8,17.4,0.0,9.4
Tameslouht,2026-09-19,31.5,-8.1,34.9,20.9,0.3,16.4
Tameslouht,2026-09-20,31.5,-8.1,36.5,22.5,0.1,16.9
Tameslouht,2026-09-21,31.5,-8.1,36.8,23.9,0.0,24.2
Tameslouht,2026-09-22,31.5,-8.1,36.0,21.8,0.0,21.1
Tameslouht,2026-09-23,31.5,-8.1,35.0,19.9,0.0,14.2
Tameslouht,2026-09-24,31.5,-8.1,35.1,20.8,0.0,17.3
Sidi Yahia El Gharb,2026-09-18,34.3058,-6.3058,29.3,15.4,0.0,17.9
Sidi Yahia El Gharb,2026-09-19,34.3058,-6.3058,36.3,17.7,0.0,19.9
Sidi Yahia El Gharb,2026-09-20,34.3058,-6.3058,37.9,23.0,0.0,19.7
Sidi Yahia El Gharb,2026-09-21,34.3058,-6.3058,36.9,20.3,0.0,16.4
Sidi Yahia El Gharb,2026-09-22,34.3058,-6.3058,34.8,20.6,0.0,19.4
Sidi Yahia El Gharb,2026-09-23,34.3058,-6.3058,36.4,18.2,0.0,15.2
Sidi Yahia El Gharb,2026-09-24,34.3058,-6.3058,37.0,17.1,0.0,16.9
Chichaoua,2026-09-18,31.5333,-8.7667,30.8,17.4,0.0,13.8
Chichaoua,2026-09-19,31.5333,-8.7667,35.0,20.2,0.0,19.4
Chichaoua,2026-09-20,31.5333,-8.7667,35.0,22.7,0.0,23.0
Chichaoua,2026-09-21,31.5333,-8.7667,37.8,21.6,0.0,27.2
Chichaoua,2026-09-22,31.5333,-8.7667,36.1,19.8,0.0,23.9
Chichaoua,2026-09-23,31.5333,-8.7667,34.3,17.9,0.0,18.7
Chichaoua,2026-09-24,31.5333,-8.7667,33.6,20.2,0.0,18.6
Al ’Attawia,2026-09-18,31.83,-7.31,29.8,16.6,0.0,11.9
Al ’Attawia,2026-09-19,31.83,-7.31,35.0,19.8,0.5,14.0
Al ’Attawia,2026-09-20,31.83,-7.31,35.4,21.7,0.5,13.0
Al ’Attawia,2026-09-21,31.83,-7.31,36.1,21.5,0.0,21.1
Al ’Attawia,2026-09-22,31.83,-7.31,35.1,20.3,0.0,17.1
Al ’Attawia,2026-09-23,31.83,-7.31,34.1,18.4,0.0,16.0
Al ’Attawia,2026-09-24,31.83,-7.31,35.5,16.2,0.0,18.1
Tabount,2026-09-18,30.9014,-6.9217,31.7,17.4,0.0,10.9
Tabount,2026-09-19,30.9014,-6.9217,31.8,20.6,0.0,22.4
Tabount,2026-09-20,30.9014,-6.9217,32.3,19.5,0.0,17.8
Tabount,2026-09-21,30.9014,-6.9217,32.5,19.6,0.1,27.9
Tabount,2026-09-22,30.9014,-6.9217,33.6,18.6,0.0,25.7
Tabount,2026-09-23,30.9014,-6.9217,31.6,17.5,0.0,16.2
Tabount,2026-09-24,30.9014,-6.9217,33.0,17.4,0.3,9.8
Zaïo,2026-09-18,34.9396,-2.7334,28.1,19.0,0.0,17.9
Zaïo,2026-09-19,34.9396,-2.7334,28.4,21.2,0.0,24.4
Zaïo,2026-09-20,34.9396,-2.7334,28.5,22.1,0.0,24.7
Zaïo,2026-09-21,34.9396,-2.7334,27.8,19.8,0.0,23.8
Zaïo,2026-09-22,34.9396,-2.7334,29.2,17.8,0.0,12.2
Zaïo,2026-09-23,34.9396,-2.7334,29.8,16.9,0.0,14.7
Zaïo,2026-09-24,34.9396,-2.7334,30.4,14.6,0.0,14.9
Aguelmous,2026-09-18,33.1324,-5.8366,29.8,14.1,0.0,17.9
Aguelmous,2026-09-19,33.1324,-5.8366,31.9,17.6,0.1,19.2
Aguelmous,2026-09-20,33.1324,-5.8366,32.5,19.6,0.3,18.8
Aguelmous,2026-09-21,33.1324,-5.8366,32.0,19.8,0.0,24.2
Aguelmous,2026-09-22,33.1324,-5.8366,31.0,18.5,0.0,18.3
Aguelmous,2026-09-23,33.1324,-5.8366,31.8,17.8,0.0,17.0
Aguelmous,2026-09-24,33.1324,-5.8366,32.6,17.7,0.0,20.0
Asilah,2026-09-18,35.4667,-6.0333,28.7,16.3,0.0,26.9
Asilah,2026-09-19,35.4667,-6.0333,29.1,23.1,0.0,36.2
Asilah,2026-09-20,35.4667,-6.0333,30.6,24.0,0.0,27.3
Asilah,2026-09-21,35.4667,-6.0333,30.4,23.6,0.0,25.7
Asilah,2026-09-22,35.4667,-6.0333,30.4,22.1,0.0,18.4
Asilah,2026-09-23,35.4667,-6.0333,35.6,21.5,0.0,11.0
Asilah,2026-09-24,35.4667,-6.0333,35.6,19.0,0.0,16.6
Imzouren,2026-09-18,35.1464,-3.8506,27.5,18.4,0.0,18.6
Imzouren,2026-09-19,35.1464,-3.8506,29.1,20.2,0.0,24.9
Imzouren,2026-09-20,35.1464,-3.8506,28.5,22.0,0.0,20.5
Imzouren,2026-09-21,35.1464,-3.8506,29.5,20.0,0.0,21.9
Imzouren,2026-09-22,35.1464,-3.8506,28.7,17.4,0.0,15.1
Imzouren,2026-09-23,35.1464,-3.8506,28.6,17.7,0.0,11.2
Imzouren,2026-09-24,35.1464,-3.8506,29.6,18.3,0.0,11.2
Mediouna,2026-09-18,33.4556,-7.5208,27.3,16.4,0.0,17.3
Mediouna,2026-09-19,33.4556,-7.5208,31.1,17.8,0.0,17.5
Mediouna,2026-09-20,33.4556,-7.5208,34.8,19.3,0.0,17.4
Mediouna,2026-09-21,33.4556,-7.5208,34.6,20.0,0.0,18.7
Mediouna,2026-09-22,33.4556,-7.5208,33.2,19.3,0.0,17.9
Mediouna,2026-09-23,33.4556,-7.5208,28.8,18.1,0.0,12.6
Mediouna,2026-09-24,33.4556,-7.5208,29.4,18.3,0.0,12.8
Demnat,2026-09-18,31.7311,-7.0361,27.4,14.3,0.0,11.6
Demnat,2026-09-19,31.7311,-7.0361,31.8,18.7,0.1,14.8
Demnat,2026-09-20,31.7311,-7.0361,32.6,21.7,0.4,17.9
Demnat,2026-09-21,31.7311,-7.0361,32.3,20.1,0.0,18.7
Demnat,2026-09-22,31.7311,-7.0361,31.9,19.8,0.0,18.2
Demnat,2026-09-23,31.7311,-7.0361,31.6,17.5,0.0,17.8
Demnat,2026-09-24,31.7311,-7.0361,32.9,15.2,0.0,18.2
Aïn Taoujdat,2026-09-18,33.9333,-5.2167,30.5,16.4,0.0,15.1
Aïn Taoujdat,2026-09-19,33.9333,-5.2167,33.7,18.7,0.0,18.6
Aïn Taoujdat,2026-09-20,33.9333,-5.2167,35.0,19.6,0.0,14.6
Aïn Taoujdat,2026-09-21,33.9333,-5.2167,33.6,19.8,0.0,13.8
Aïn Taoujdat,2026-09-22,33.9333,-5.2167,33.3,18.8,0.0,13.0
Aïn Taoujdat,2026-09-23,33.9333,-5.2167,34.1,18.5,0.0,14.4
Aïn Taoujdat,2026-09-24,33.9333,-5.2167,35.3,19.3,0.0,15.0
Sidi Smai’il,2026-09-18,32.8167,-8.5,28.0,17.3,0.0,17.4
Sidi Smai’il,2026-09-19,32.8167,-8.5,32.2,18.0,0.0,18.3
Sidi Smai’il,2026-09-20,32.8167,-8.5,32.4,20.4,0.0,15.5
Sidi Smai’il,2026-09-21,32.8167,-8.5,36.1,20.3,0.0,16.3
Sidi Smai’il,2026-09-22,32.8167,-8.5,32.4,19.2,0.0,14.7
Sidi Smai’il,2026-09-23,32.8167,-8.5,31.0,19.5,0.0,17.7
Sidi Smai’il,2026-09-24,32.8167,-8.5,30.4,18.5,0.0,18.7
Moulay Bousselham,2026-09-18,34.8786,-6.2933,24.8,14.7,0.0,18.8
Moulay Bousselham,2026-09-19,34.8786,-6.2933,30.1,18.3,0.0,16.7
Moulay Bousselham,2026-09-20,34.8786,-6.2933,32.7,20.7,0.0,18.4
Moulay Bousselham,2026-09-21,34.8786,-6.2933,30.5,21.0,0.0,17.9
Moulay Bousselham,2026-09-22,34.8786,-6.2933,31.7,19.4,0.0,19.8
Moulay Bousselham,2026-09-23,34.8786,-6.2933,32.5,18.7,0.0,18.4
Moulay Bousselham,2026-09-24,34.8786,-6.2933,32.5,18.6,0.0,18.3
Mechraa Bel Ksiri,2026-09-18,34.56,-5.95,31.6,14.7,0.0,18.1
Mechraa Bel Ksiri,2026-09-19,34.56,-5.95,37.1,19.2,0.0,18.8
Mechraa Bel Ksiri,2026-09-20,34.56,-5.95,37.8,24.6,0.0,21.1
Mechraa Bel Ksiri,2026-09-21,34.56,-5.95,36.7,24.4,0.0,17.9
Mechraa Bel Ksiri,2026-09-22,34.56,-5.95,36.3,23.4,0.0,18.2
Mechraa Bel Ksiri,2026-09-23,34.56,-5.95,36.7,19.3,0.0,14.5
Mechraa Bel Ksiri,2026-09-24,34.56,-5.95,37.7,18.3,0.0,16.3
Souk et Tnine Jorf el Mellah,2026-09-18,34.4945,-5.5047,32.8,15.6,0.0,10.2
Souk et Tnine Jorf el Mellah,2026-09-19,34.4945,-5.5047,37.0,21.2,0.0,20.9
Souk et Tnine Jorf el Mellah,2026-09-20,34.4945,-5.5047,37.3,24.6,0.0,19.5
Souk et Tnine Jorf el Mellah,2026-09-21,34.4945,-5.5047,36.2,24.5,0.0,18.8
Souk et Tnine Jorf el Mellah,2026-09-22,34.4945,-5.5047,35.9,23.6,0.0,17.4
Souk et Tnine Jorf el Mellah,2026-09-23,34.4945,-5.5047,36.7,21.9,0.0,11.7
Souk et Tnine Jorf el Mellah,2026-09-24,34.4945,-5.5047,38.2,18.4,0.0,13.0
Zeghanghane,2026-09-18,35.1575,-3.0017,26.1,19.2,0.1,22.1
Zeghanghane,2026-09-19,35.1575,-3.0017,25.9,21.9,0.4,29.9
Zeghanghane,2026-09-20,35.1575,-3.0017,26.6,22.3,0.8,26.6
Zeghanghane,2026-09-21,35.1575,-3.0017,26.6,21.4,0.2,22.3
Zeghanghane,2026-09-22,35.1575,-3.0017,26.5,18.4,0.0,19.7
Zeghanghane,2026-09-23,35.1575,-3.0017,27.5,18.3,0.0,14.8
Zeghanghane,2026-09-24,35.1575,-3.0017,28.7,15.8,0.0,12.5
Oulad Barhil,2026-09-18,30.6408,-8.475,29.9,17.8,0.0,24.8
Oulad Barhil,2026-09-19,30.6408,-8.475,35.2,20.8,0.0,25.8
Oulad Barhil,2026-09-20,30.6408,-8.475,37.2,21.7,0.0,24.9
Oulad Barhil,2026-09-21,30.6408,-8.475,38.0,21.5,0.0,36.4
Oulad Barhil,2026-09-22,30.6408,-8.475,37.2,20.0,0.0,34.1
Oulad Barhil,2026-09-23,30.6408,-8.475,37.3,18.7,0.0,20.5
Oulad Barhil,2026-09-24,30.6408,-8.475,38.1,17.6,0.0,21.7
Bir Jdid,2026-09-18,33.3737,-8.0002,25.0,17.5,0.0,17.0
Bir Jdid,2026-09-19,33.3737,-8.0002,27.5,18.6,0.0,17.3
Bir Jdid,2026-09-20,33.3737,-8.0002,30.9,20.4,0.0,15.6
Bir Jdid,2026-09-21,33.3737,-8.0002,30.8,20.2,0.0,17.4
Bir Jdid,2026-09-22,33.3737,-8.0002,28.7,18.9,0.0,15.7
Bir Jdid,2026-09-23,33.3737,-8.0002,28.5,19.7,0.0,17.2
Bir Jdid,2026-09-24,33.3737,-8.0002,29.6,18.9,0.0,17.4
Bou Arfa,2026-09-18,32.531,-1.9631,29.8,17.9,0.0,20.1
Bou Arfa,2026-09-19,32.531,-1.9631,24.4,18.1,3.1,18.0
Bou Arfa,2026-09-20,32.531,-1.9631,27.1,15.8,2.1,17.6
Bou Arfa,2026-09-21,32.531,-1.9631,26.2,17.2,0.0,23.2
Bou Arfa,2026-09-22,32.531,-1.9631,25.5,16.0,0.0,17.9
Bou Arfa,2026-09-23,32.531,-1.9631,27.9,15.7,0.0,13.8
Bou Arfa,2026-09-24,32.531,-1.9631,29.0,16.0,0.0,10.8
Tahannawt,2026-09-18,31.3514,-7.9508,27.2,14.5,0.0,12.5
Tahannawt,2026-09-19,31.3514,-7.9508,32.1,18.6,0.4,15.0
Tahannawt,2026-09-20,31.3514,-7.9508,32.8,21.0,0.3,15.5
Tahannawt,2026-09-21,31.3514,-7.9508,33.5,20.9,0.0,19.9
Tahannawt,2026-09-22,31.3514,-7.9508,32.8,20.4,0.0,17.5
Tahannawt,2026-09-23,31.3514,-7.9508,32.3,17.5,0.0,14.0
Tahannawt,2026-09-24,31.3514,-7.9508,33.1,17.7,0.0,14.6
Arfoud,2026-09-18,31.4361,-4.2328,33.1,19.4,0.0,18.9
Arfoud,2026-09-19,31.4361,-4.2328,31.7,20.5,0.6,21.3
Arfoud,2026-09-20,31.4361,-4.2328,30.9,20.3,0.0,9.5
Arfoud,2026-09-21,31.4361,-4.2328,32.5,20.9,1.9,13.0
Arfoud,2026-09-22,31.4361,-4.2328,31.1,20.5,0.0,10.9
Arfoud,2026-09-23,31.4361,-4.2328,31.3,20.0,0.0,12.0
Arfoud,2026-09-24,31.4361,-4.2328,31.9,20.8,0.0,7.6
Tahla,2026-09-18,34.05,-4.42,30.9,15.8,0.0,18.1
Tahla,2026-09-19,34.05,-4.42,32.1,20.5,0.5,24.8
Tahla,2026-09-20,34.05,-4.42,32.8,20.6,0.0,22.5
Tahla,2026-09-21,34.05,-4.42,32.1,20.1,0.0,19.6
Tahla,2026-09-22,34.05,-4.42,32.2,18.7,0.0,15.5
Tahla,2026-09-23,34.05,-4.42,33.2,17.8,0.0,14.3
Tahla,2026-09-24,34.05,-4.42,34.2,18.5,0.0,14.7
Missour,2026-09-18,33.05,-3.9908,30.2,15.3,0.0,27.0
Missour,2026-09-19,33.05,-3.9908,29.4,17.9,1.7,17.8
Missour,2026-09-20,33.05,-3.9908,30.0,17.0,0.0,25.5
Missour,2026-09-21,33.05,-3.9908,28.5,18.4,0.0,31.6
Missour,2026-09-22,33.05,-3.9908,29.2,15.7,0.0,19.1
Missour,2026-09-23,33.05,-3.9908,31.8,16.4,0.0,17.7
Missour,2026-09-24,33.05,-3.9908,33.1,16.9,0.0,21.0
Sidi Lmokhtar,2026-09-18,31.57,-9.01,30.2,16.7,0.0,17.9
Sidi Lmokhtar,2026-09-19,31.57,-9.01,34.1,19.6,0.0,15.9
Sidi Lmokhtar,2026-09-20,31.57,-9.01,34.0,22.3,0.0,18.6
Sidi Lmokhtar,2026-09-21,31.57,-9.01,37.7,21.4,0.0,17.6
Sidi Lmokhtar,2026-09-22,31.57,-9.01,36.3,19.3,0.0,19.5
Sidi Lmokhtar,2026-09-23,31.57,-9.01,32.2,16.9,0.0,18.6
Sidi Lmokhtar,2026-09-24,31.57,-9.01,31.0,18.2,0.0,20.9
Douar Toulal,2026-09-18,33.8951,-5.6021,30.0,15.8,0.0,15.5
Douar Toulal,2026-09-19,33.8951,-5.6021,34.7,19.2,0.0,14.1
Douar Toulal,2026-09-20,33.8951,-5.6021,36.0,21.3,0.0,13.5
Douar Toulal,2026-09-21,33.8951,-5.6021,34.7,20.2,0.0,13.5
Douar Toulal,2026-09-22,33.8951,-5.6021,34.0,19.2,0.0,13.8
Douar Toulal,2026-09-23,33.8951,-5.6021,34.2,18.7,0.0,15.9
Douar Toulal,2026-09-24,33.8951,-5.6021,35.4,17.5,0.0,14.6
Oulad Yaïch,2026-09-18,32.4167,-6.3333,33.3,18.2,0.0,6.7
Oulad Yaïch,2026-09-19,32.4167,-6.3333,37.3,21.2,0.1,16.0
Oulad Yaïch,2026-09-20,32.4167,-6.3333,38.2,23.2,0.0,22.6
Oulad Yaïch,2026-09-21,32.4167,-6.3333,36.8,23.5,0.0,14.8
Oulad Yaïch,2026-09-22,32.4167,-6.3333,36.3,22.5,0.0,10.2
Oulad Yaïch,2026-09-23,32.4167,-6.3333,35.9,21.0,0.0,18.0
Oulad Yaïch,2026-09-24,32.4167,-6.3333,36.8,24.7,0.0,17.9
Zawyat ech Cheïkh,2026-09-18,32.6541,-5.9214,31.7,14.9,0.0,9.0
Zawyat ech Cheïkh,2026-09-19,32.6541,-5.9214,35.1,19.9,0.0,16.0
Zawyat ech Cheïkh,2026-09-20,32.6541,-5.9214,35.9,20.1,0.0,16.1
Zawyat ech Cheïkh,2026-09-21,32.6541,-5.9214,34.0,18.9,0.3,17.7
Zawyat ech Cheïkh,2026-09-22,32.6541,-5.9214,33.4,16.9,0.0,12.6
Zawyat ech Cheïkh,2026-09-23,32.6541,-5.9214,34.6,16.2,0.0,11.6
Zawyat ech Cheïkh,2026-09-24,32.6541,-5.9214,35.5,18.0,0.0,12.4
Imi-n-Tanout,2026-09-18,31.177,-8.8504,26.4,16.0,0.0,16.8
Imi-n-Tanout,2026-09-19,31.177,-8.8504,31.2,20.3,0.0,16.5
Imi-n-Tanout,2026-09-20,31.177,-8.8504,31.6,22.9,0.4,17.4
Imi-n-Tanout,2026-09-21,31.177,-8.8504,34.3,23.2,0.0,27.8
Imi-n-Tanout,2026-09-22,31.177,-8.8504,33.3,22.2,0.0,23.7
Imi-n-Tanout,2026-09-23,31.177,-8.8504,31.3,20.5,0.0,17.2
Imi-n-Tanout,2026-09-24,31.177,-8.8504,31.5,19.0,0.0,18.3
Sebt Gzoula,2026-09-18,32.1219,-9.0889,29.2,17.6,0.0,15.9
Sebt Gzoula,2026-09-19,32.1219,-9.0889,32.7,18.9,0.0,14.8
Sebt Gzoula,2026-09-20,32.1219,-9.0889,30.6,21.2,0.0,14.8
Sebt Gzoula,2026-09-21,32.1219,-9.0889,32.8,21.4,0.0,12.6
Sebt Gzoula,2026-09-22,32.1219,-9.0889,31.7,19.0,0.0,14.9
Sebt Gzoula,2026-09-23,32.1219,-9.0889,28.4,17.9,0.0,14.3
Sebt Gzoula,2026-09-24,32.1219,-9.0889,27.4,18.2,0.0,14.1
Tifariti,2026-09-18,26.158,-10.567,30.5,16.6,0.0,35.0
Tifariti,2026-09-19,26.158,-10.567,31.3,16.3,0.0,22.8
Tifariti,2026-09-20,26.158,-10.567,37.4,19.3,0.0,12.3
Tifariti,2026-09-21,26.158,-10.567,38.3,25.3,0.0,12.0
Tifariti,2026-09-22,26.158,-10.567,38.7,24.5,0.0,20.3
Tifariti,2026-09-23,26.158,-10.567,38.6,26.3,0.0,21.6
Tifariti,2026-09-24,26.158,-10.567,38.6,27.0,0.0,20.3
