city,forecast_date,latitude,longitude,temperature_max,temperature_min,precipitation_sum,wind_speed_10m_max,temperature_category,precipitation_category,wind_category,temperature_risk,precipitation_risk,wind_risk,risk_score,risk_level
Casablanca,2026-09-18,33.5992,-7.62,24.5,18.7,0.0,12.7,Normal,No Rain,Low,0,0,0,0.0,low
Casablanca,2026-09-19,33.5992,-7.62,26.8,19.7,0.0,11.9,Normal,No Rain,Low,0,0,0,0.0,low
Casablanca,2026-09-20,33.5992,-7.62,29.4,20.8,0.0,10.9,Normal,No Rain,Low,0,0,0,0.0,low
Casablanca,2026-09-21,33.5992,-7.62,29.4,20.9,0.0,10.9,Normal,No Rain,Low,0,0,0,0.0,low
Casablanca,2026-09-22,33.5992,-7.62,28.2,20.7,0.0,10.1,Normal,No Rain,Low,0,0,0,0.0,low
Casablanca,2026-09-23,33.5992,-7.62,29.1,19.9,0.0,12.6,Normal,No Rain,Low,0,0,0,0.0,low
Casablanca,2026-09-24,33.5992,-7.62,30.4,19.4,0.0,12.8,Hot,No Rain,Low,50,0,0,12.5,low
Tangier,2026-09-18,35.7767,-5.8039,27.9,18.3,0.0,22.3,Normal,No Rain,Moderate,0,0,30,10.5,low
Tangier,2026-09-19,35.7767,-5.8039,27.7,22.8,0.0,31.8,Normal,No Rain,Moderate,0,0,30,10.5,low
Tangier,2026-09-20,35.7767,-5.8039,28.3,23.9,0.0,30.6,Normal,No Rain,Moderate,0,0,30,10.5,low
Tangier,2026-09-21,35.7767,-5.8039,28.4,22.7,0.0,29.2,Normal,No Rain,Moderate,0,0,30,10.5,low
Tangier,2026-09-22,35.7767,-5.8039,28.1,21.4,0.0,25.0,Normal,No Rain,Moderate,0,0,30,10.5,low
Tangier,2026-09-23,35.7767,-5.8039,28.7,21.3,0.0,23.5,Normal,No Rain,Moderate,0,0,30,10.5,low
Tangier,2026-09-24,35.7767,-5.8039,29.7,22.6,0.0,21.7,Normal,No Rain,Moderate,0,0,30,10.5,low
Fès,2026-09-18,34.0433,-5.0033,31.8,17.4,0.0,10.0,Hot,No Rain,Low,50,0,0,12.5,low
Fès,2026-09-19,34.0433,-5.0033,33.9,21.1,0.0,18.9,Hot,No Rain,Low,50,0,0,12.5,low
Fès,2026-09-20,34.0433,-5.0033,35.0,22.0,0.0,15.0,Hot,No Rain,Low,50,0,0,12.5,low
Fès,2026-09-21,34.0433,-5.0033,33.7,22.0,0.0,13.3,Hot,No Rain,Low,50,0,0,12.5,low
Fès,2026-09-22,34.0433,-5.0033,33.7,20.6,0.0,10.9,Hot,No Rain,Low,50,0,0,12.5,low
Fès,2026-09-23,34.0433,-5.0033,34.9,19.8,0.0,8.7,Hot,No Rain,Low,50,0,0,12.5,low
Fès,2026-09-24,34.0433,-5.0033,36.0,21.5,0.0,9.6,Hot,No Rain,Low,50,0,0,12.5,low
Marrakech,2026-09-18,31.6295,-7.9811,31.7,17.9,0.0,6.5,Hot,No Rain,Low,50,0,0,12.5,low
Marrakech,2026-09-19,31.6295,-7.9811,36.5,21.2,0.1,9.6,Hot,Light,Low,50,20,0,20.5,low
Marrakech,2026-09-20,31.6295,-7.9811,37.2,22.6,0.6,13.0,Hot,Light,Low,50,20,0,20.5,low
Marrakech,2026-09-21,31.6295,-7.9811,37.4,22.9,0.0,16.4,Hot,No Rain,Low,50,0,0,12.5,low
Marrakech,2026-09-22,31.6295,-7.9811,36.5,21.0,0.0,13.9,Hot,No Rain,Low,50,0,0,12.5,low
Marrakech,2026-09-23,31.6295,-7.9811,35.9,19.7,0.0,12.9,Hot,No Rain,Low,50,0,0,12.5,low
Marrakech,2026-09-24,31.6295,-7.9811,36.7,20.8,0.0,13.3,Hot,No Rain,Low,50,0,0,12.5,low
Sale,2026-09-18,34.05,-6.8167,25.6,16.3,0.0,13.8,Normal,No Rain,Low,0,0,0,0.0,low
Sale,2026-09-19,34.05,-6.8167,30.5,17.5,0.0,13.2,Hot,No Rain,Low,50,0,0,12.5,low
Sale,2026-09-20,34.05,-6.8167,30.6,20.3,0.0,11.8,Hot,No Rain,Low,50,0,0,12.5,low
Sale,2026-09-21,34.05,-6.8167,29.9,20.6,0.0,11.9,Normal,No Rain,Low,0,0,0,0.0,low
Sale,2026-09-22,34.05,-6.8167,29.5,20.1,0.0,11.5,Normal,No Rain,Low,0,0,0,0.0,low
Sale,2026-09-23,34.05,-6.8167,27.4,19.1,0.0,12.6,Normal,No Rain,Low,0,0,0,0.0,low
Sale,2026-09-24,34.05,-6.8167,28.6,18.9,0.0,12.0,Normal,No Rain,Low,0,0,0,0.0,low
Meknès,2026-09-18,33.8833,-5.55,29.9,15.7,0.0,13.8,Normal,No Rain,Low,0,0,0,0.0,low
Meknès,2026-09-19,33.8833,-5.55,34.1,19.3,0.0,13.5,Hot,No Rain,Low,50,0,0,12.5,low
Meknès,2026-09-20,33.8833,-5.55,35.3,20.9,0.0,12.1,Hot,No Rain,Low,50,0,0,12.5,low
Meknès,2026-09-21,33.8833,-5.55,34.0,20.1,0.0,13.1,Hot,No Rain,Low,50,0,0,12.5,low
Meknès,2026-09-22,33.8833,-5.55,33.5,18.9,0.0,13.0,Hot,No Rain,Low,50,0,0,12.5,low
Meknès,2026-09-23,33.8833,-5.55,33.9,18.4,0.0,13.8,Hot,No Rain,Low,50,0,0,12.5,low
Meknès,2026-09-24,33.8833,-5.55,35.1,18.1,0.0,12.6,Hot,No Rain,Low,50,0,0,12.5,low
Rabat,2026-09-18,34.0211,-6.8414,25.7,16.4,0.0,13.8,Normal,No Rain,Low,0,0,0,0.0,low
Rabat,2026-09-19,34.0211,-6.8414,30.6,17.5,0.0,13.2,Hot,No Rain,Low,50,0,0,12.5,low
Rabat,2026-09-20,34.0211,-6.8414,30.7,20.3,0.0,11.8,Hot,No Rain,Low,50,0,0,12.5,low
Rabat,2026-09-21,34.0211,-6.8414,29.9,20.7,0.0,11.9,Normal,No Rain,Low,0,0,0,0.0,low
Rabat,2026-09-22,34.0211,-6.8414,29.5,20.2,0.0,11.5,Normal,No Rain,Low,0,0,0,0.0,low
Rabat,2026-09-23,34.0211,-6.8414,27.5,19.1,0.0,12.6,Normal,No Rain,Low,0,0,0,0.0,low
Rabat,2026-09-24,34.0211,-6.8414,28.6,18.9,0.0,12.0,Normal,No Rain,Low,0,0,0,0.0,low
Agadir,2026-09-18,30.4214,-9.5831,26.5,19.4,0.0,10.7,Normal,No Rain,Low,0,0,0,0.0,low
Agadir,2026-09-19,30.4214,-9.5831,26.0,20.5,0.0,12.6,Normal,No Rain,Low,0,0,0,0.0,low
Agadir,2026-09-20,30.4214,-9.5831,28.0,20.8,0.0,11.7,Normal,No Rain,Low,0,0,0,0.0,low
Agadir,2026-09-21,30.4214,-9.5831,32.5,21.9,0.0,9.7,Hot,No Rain,Low,50,0,0,12.5,low
Agadir,2026-09-22,30.4214,-9.5831,31.6,20.7,0.0,11.5,Hot,No Rain,Low,50,0,0,12.5,low
Agadir,2026-09-23,30.4214,-9.5831,32.9,20.3,0.0,13.9,Hot,No Rain,Low,50,0,0,12.5,low
Agadir,2026-09-24,30.4214,-9.5831,31.5,18.0,0.0,13.2,Hot,No Rain,Low,50,0,0,12.5,low
Kenitra,2026-09-18,34.25,-6.5833,27.1,15.6,0.0,14.4,Normal,No Rain,Low,0,0,0,0.0,low
Kenitra,2026-09-19,34.25,-6.5833,34.3,17.5,0.0,17.1,Hot,No Rain,Low,50,0,0,12.5,low
Kenitra,2026-09-20,34.25,-6.5833,36.0,20.7,0.0,13.8,Hot,No Rain,Low,50,0,0,12.5,low
Kenitra,2026-09-21,34.25,-6.5833,33.9,20.4,0.0,14.5,Hot,No Rain,Low,50,0,0,12.5,low
Kenitra,2026-09-22,34.25,-6.5833,32.2,19.2,0.0,12.7,Hot,No Rain,Low,50,0,0,12.5,low
Kenitra,2026-09-23,34.25,-6.5833,29.2,19.2,0.0,12.3,Normal,No Rain,Low,0,0,0,0.0,low
Kenitra,2026-09-24,34.25,-6.5833,29.7,17.8,0.0,12.5,Normal,No Rain,Low,0,0,0,0.0,low
Oujda-Angad,2026-09-18,34.6867,-1.9114,28.4,16.3,0.0,20.7,Normal,No Rain,Moderate,0,0,30,10.5,low
Oujda-Angad,2026-09-19,34.6867,-1.9114,29.8,19.4,1.7,15.6,Normal,Light,Low,0,20,0,8.0,low
Oujda-Angad,2026-09-20,34.6867,-1.9114,29.4,19.5,0.5,17.5,Normal,Light,Low,0,20,0,8.0,low
Oujda-Angad,2026-09-21,34.6867,-1.9114,26.6,18.3,0.1,19.4,Normal,Light,Low,0,20,0,8.0,low
Oujda-Angad,2026-09-22,34.6867,-1.9114,28.3,15.6,0.0,17.0,Normal,No Rain,Low,0,0,0,0.0,low
Oujda-Angad,2026-09-23,34.6867,-1.9114,30.8,14.2,0.0,19.6,Hot,No Rain,Low,50,0,0,12.5,low
Oujda-Angad,2026-09-24,34.6867,-1.9114,31.7,16.7,0.0,18.6,Hot,No Rain,Low,50,0,0,12.5,low
Tétouan,2026-09-18,35.5667,-5.3667,26.6,17.9,0.0,24.9,Normal,No Rain,Moderate,0,0,30,10.5,low
Tétouan,2026-09-19,35.5667,-5.3667,25.7,22.5,0.0,30.1,Normal,No Rain,Moderate,0,0,30,10.5,low
Tétouan,2026-09-20,35.5667,-5.3667,26.3,22.9,0.3,26.2,Normal,Light,Moderate,0,20,30,18.5,low
Tétouan,2026-09-21,35.5667,-5.3667,27.1,22.5,0.0,27.8,Normal,No Rain,Moderate,0,0,30,10.5,low
Tétouan,2026-09-22,35.5667,-5.3667,26.7,21.4,0.0,20.5,Normal,No Rain,Moderate,0,0,30,10.5,low
Tétouan,2026-09-23,35.5667,-5.3667,27.3,20.3,0.0,16.8,Normal,No Rain,Low,0,0,0,0.0,low
Tétouan,2026-09-24,35.5667,-5.3667,27.5,19.9,0.0,14.0,Normal,No Rain,Low,0,0,0,0.0,low
Safi,2026-09-18,32.2833,-9.2333,25.3,18.2,0.0,19.6,Normal,No Rain,Low,0,0,0,0.0,low
Safi,2026-09-19,32.2833,-9.2333,27.2,19.5,0.0,18.3,Normal,No Rain,Low,0,0,0,0.0,low
Safi,2026-09-20,32.2833,-9.2333,24.9,19.3,0.0,8.7,Normal,No Rain,Low,0,0,0,0.0,low
Safi,2026-09-21,32.2833,-9.2333,26.0,19.2,0.0,9.7,Normal,No Rain,Low,0,0,0,0.0,low
Safi,2026-09-22,32.2833,-9.2333,25.5,19.0,0.0,11.8,Normal,No Rain,Low,0,0,0,0.0,low
Safi,2026-09-23,32.2833,-9.2333,28.2,19.0,0.0,14.3,Normal,No Rain,Low,0,0,0,0.0,low
Safi,2026-09-24,32.2833,-9.2333,27.1,18.8,0.0,14.3,Normal,No Rain,Low,0,0,0,0.0,low
Taourirt,2026-09-18,34.41,-2.89,29.6,18.1,0.0,32.8,Normal,No Rain,Moderate,0,0,30,10.5,low
Taourirt,2026-09-19,34.41,-2.89,30.4,20.3,1.3,26.6,Hot,Light,Moderate,50,20,30,31.0,Moderate
Taourirt,2026-09-20,34.41,-2.89,30.7,21.4,0.0,30.4,Hot,No Rain,Moderate,50,0,30,23.0,low
Taourirt,2026-09-21,34.41,-2.89,28.4,19.9,0.0,28.0,Normal,No Rain,Moderate,0,0,30,10.5,low
Taourirt,2026-09-22,34.41,-2.89,30.3,18.2,0.0,23.0,Hot,No Rain,Moderate,50,0,30,23.0,low
Taourirt,2026-09-23,34.41,-2.89,31.5,17.3,0.0,23.2,Hot,No Rain,Moderate,50,0,30,23.0,low
Taourirt,2026-09-24,34.41,-2.89,32.5,18.4,0.0,23.1,Hot,No Rain,Moderate,50,0,30,23.0,low
Temara,2026-09-18,33.9234,-6.9076,25.5,15.6,0.0,13.7,Normal,No Rain,Low,0,0,0,0.0,low
Temara,2026-09-19,33.9234,-6.9076,30.0,17.1,0.0,13.2,Hot,No Rain,Low,50,0,0,12.5,low
Temara,2026-09-20,33.9234,-6.9076,30.1,19.7,0.0,11.2,Hot,No Rain,Low,50,0,0,12.5,low
Temara,2026-09-21,33.9234,-6.9076,29.6,20.3,0.0,11.6,Normal,No Rain,Low,0,0,0,0.0,low
Temara,2026-09-22,33.9234,-6.9076,29.6,20.1,0.0,11.1,Normal,No Rain,Low,0,0,0,0.0,low
Temara,2026-09-23,33.9234,-6.9076,26.1,19.3,0.0,12.4,Normal,No Rain,Low,0,0,0,0.0,low
Temara,2026-09-24,33.9234,-6.9076,26.2,18.9,0.0,11.5,Normal,No Rain,Low,0,0,0,0.0,low
Laâyoune,2026-09-18,27.15,-13.2,28.0,19.8,0.1,29.3,Normal,Light,Moderate,0,20,30,18.5,low
Laâyoune,2026-09-19,27.15,-13.2,29.0,18.3,0.0,23.8,Normal,No Rain,Moderate,0,0,30,10.5,low
Laâyoune,2026-09-20,27.15,-13.2,32.2,18.6,0.0,18.9,Hot,No Rain,Low,50,0,0,12.5,low
Laâyoune,2026-09-21,27.15,-13.2,36.5,20.6,0.0,22.8,Hot,No Rain,Moderate,50,0,30,23.0,low
Laâyoune,2026-09-22,27.15,-13.2,35.6,21.4,0.0,26.8,Hot,No Rain,Moderate,50,0,30,23.0,low
Laâyoune,2026-09-23,27.15,-13.2,38.6,21.2,0.0,23.5,Hot,No Rain,Moderate,50,0,30,23.0,low
Laâyoune,2026-09-24,27.15,-13.2,39.6,23.3,0.0,26.0,Hot,No Rain,Moderate,50,0,30,23.0,low
El Jadid,2026-09-18,33.2566,-8.5025,24.1,19.3,0.0,17.8,Normal,No Rain,Low,0,0,0,0.0,low
El Jadid,2026-09-19,33.2566,-8.5025,25.5,20.5,0.0,16.3,Normal,No Rain,Low,0,0,0,0.0,low
El Jadid,2026-09-20,33.2566,-8.5025,27.5,20.9,0.0,13.1,Normal,No Rain,Low,0,0,0,0.0,low
El Jadid,2026-09-21,33.2566,-8.5025,27.4,21.4,0.0,13.7,Normal,No Rain,Low,0,0,0,0.0,low
El Jadid,2026-09-22,33.2566,-8.5025,25.9,20.5,0.0,12.8,Normal,No Rain,Low,0,0,0,0.0,low
El Jadid,2026-09-23,33.2566,-8.5025,27.7,21.1,0.0,14.4,Normal,No Rain,Low,0,0,0,0.0,low
El Jadid,2026-09-24,33.2566,-8.5025,27.8,20.5,0.0,14.7,Normal,No Rain,Low,0,0,0,0.0,low
Ait Melloul,2026-09-18,30.3342,-9.4972,26.1,19.3,0.0,16.8,Normal,No Rain,Low,0,0,0,0.0,low
Ait Melloul,2026-09-19,30.3342,-9.4972,25.8,20.0,0.0,19.8,Normal,No Rain,Low,0,0,0,0.0,low
Ait Melloul,2026-09-20,30.3342,-9.4972,26.4,20.1,0.0,18.0,Normal,No Rain,Low,0,0,0,0.0,low
Ait Melloul,2026-09-21,30.3342,-9.4972,34.1,20.9,0.0,16.9,Hot,No Rain,Low,50,0,0,12.5,low
Ait Melloul,2026-09-22,30.3342,-9.4972,28.9,20.1,0.0,18.4,Normal,No Rain,Low,0,0,0,0.0,low
Ait Melloul,2026-09-23,30.3342,-9.4972,33.1,19.5,0.0,13.9,Hot,No Rain,Low,50,0,0,12.5,low
Ait Melloul,2026-09-24,30.3342,-9.4972,31.7,18.3,0.0,13.2,Hot,No Rain,Low,50,0,0,12.5,low
Béni Mellal,2026-09-18,32.3394,-6.3608,31.2,18.6,0.0,8.3,Hot,No Rain,Low,50,0,0,12.5,low
Béni Mellal,2026-09-19,32.3394,-6.3608,35.1,22.8,0.0,21.0,Hot,No Rain,Moderate,50,0,30,23.0,low
Béni Mellal,2026-09-20,32.3394,-6.3608,36.2,24.9,0.1,22.4,Hot,Light,Moderate,50,20,30,31.0,Moderate
Béni Mellal,2026-09-21,32.3394,-6.3608,34.6,24.4,0.0,18.7,Hot,No Rain,Low,50,0,0,12.5,low
Béni Mellal,2026-09-22,32.3394,-6.3608,34.4,23.1,0.0,16.6,Hot,No Rain,Low,50,0,0,12.5,low
Béni Mellal,2026-09-23,32.3394,-6.3608,35.8,22.4,0.0,18.0,Hot,No Rain,Low,50,0,0,12.5,low
Béni Mellal,2026-09-24,32.3394,-6.3608,36.7,24.7,0.0,17.9,Hot,No Rain,Low,50,0,0,12.5,low
Bouskoura,2026-09-18,33.4489,-7.6486,26.5,17.1,0.0,14.8,Normal,No Rain,Low,0,0,0,0.0,low
Bouskoura,2026-09-19,33.4489,-7.6486,30.1,18.6,0.0,14.6,Hot,No Rain,Low,50,0,0,12.5,low
Bouskoura,2026-09-20,33.4489,-7.6486,33.2,20.0,0.0,14.9,Hot,No Rain,Low,50,0,0,12.5,low
Bouskoura,2026-09-21,33.4489,-7.6486,33.4,20.1,0.0,15.9,Hot,No Rain,Low,50,0,0,12.5,low
Bouskoura,2026-09-22,33.4489,-7.6486,32.1,19.7,0.0,14.5,Hot,No Rain,Low,50,0,0,12.5,low
Bouskoura,2026-09-23,33.4489,-7.6486,28.8,18.7,0.0,12.6,Normal,No Rain,Low,0,0,0,0.0,low
Bouskoura,2026-09-24,33.4489,-7.6486,29.6,18.6,0.0,12.8,Normal,No Rain,Low,0,0,0,0.0,low
Tiznit,2026-09-18,29.7,-9.7269,25.5,18.8,0.0,18.2,Normal,No Rain,Low,0,0,0,0.0,low
Tiznit,2026-09-19,29.7,-9.7269,27.4,18.9,0.0,18.9,Normal,No Rain,Low,0,0,0,0.0,low
Tiznit,2026-09-20,29.7,-9.7269,29.4,20.0,0.0,10.5,Normal,No Rain,Low,0,0,0,0.0,low
Tiznit,2026-09-21,29.7,-9.7269,33.4,21.8,0.0,15.5,Hot,No Rain,Low,50,0,0,12.5,low
Tiznit,2026-09-22,29.7,-9.7269,31.0,22.5,0.0,15.6,Hot,No Rain,Low,50,0,0,12.5,low
Tiznit,2026-09-23,29.7,-9.7269,26.1,19.2,0.0,14.3,Normal,No Rain,Low,0,0,0,0.0,low
Tiznit,2026-09-24,29.7,-9.7269,25.1,17.3,0.0,13.6,Normal,No Rain,Low,0,0,0,0.0,low
Mohammedia,2026-09-18,33.6833,-7.3833,24.6,17.1,0.0,13.7,Normal,No Rain,Low,0,0,0,0.0,low
Mohammedia,2026-09-19,33.6833,-7.3833,26.9,17.8,0.0,13.0,Normal,No Rain,Low,0,0,0,0.0,low
Mohammedia,2026-09-20,33.6833,-7.3833,28.0,19.6,0.0,11.8,Normal,No Rain,Low,0,0,0,0.0,low
Mohammedia,2026-09-21,33.6833,-7.3833,27.7,20.2,0.0,12.9,Normal,No Rain,Low,0,0,0,0.0,low
Mohammedia,2026-09-22,33.6833,-7.3833,27.2,20.1,0.0,12.2,Normal,No Rain,Low,0,0,0,0.0,low
Mohammedia,2026-09-23,33.6833,-7.3833,30.7,19.5,0.0,16.6,Hot,No Rain,Low,50,0,0,12.5,low
Mohammedia,2026-09-24,33.6833,-7.3833,31.9,18.5,0.0,17.6,Hot,No Rain,Low,50,0,0,12.5,low
Kouribga,2026-09-18,32.88,-6.9,29.6,15.0,0.0,17.2,Normal,No Rain,Low,0,0,0,0.0,low
Kouribga,2026-09-19,32.88,-6.9,34.4,18.4,0.0,19.8,Hot,No Rain,Low,50,0,0,12.5,low
Kouribga,2026-09-20,32.88,-6.9,34.1,21.5,0.2,21.6,Hot,Light,Moderate,50,20,30,31.0,Moderate
Kouribga,2026-09-21,32.88,-6.9,33.6,21.2,0.3,19.5,Hot,Light,Low,50,20,0,20.5,low
Kouribga,2026-09-22,32.88,-6.9,33.7,20.5,0.0,19.2,Hot,No Rain,Low,50,0,0,12.5,low
Kouribga,2026-09-23,32.88,-6.9,33.7,19.0,0.0,20.5,Hot,No Rain,Moderate,50,0,30,23.0,low
Kouribga,2026-09-24,32.88,-6.9,34.7,17.6,0.0,19.1,Hot,No Rain,Low,50,0,0,12.5,low
Settat,2026-09-18,33.0023,-7.6198,29.3,15.9,0.0,17.3,Normal,No Rain,Low,0,0,0,0.0,low
Settat,2026-09-19,33.0023,-7.6198,34.0,17.7,0.0,16.9,Hot,No Rain,Low,50,0,0,12.5,low
Settat,2026-09-20,33.0023,-7.6198,35.8,21.5,0.0,18.1,Hot,No Rain,Low,50,0,0,12.5,low
Settat,2026-09-21,33.0023,-7.6198,36.3,21.8,0.0,18.6,Hot,No Rain,Low,50,0,0,12.5,low
Settat,2026-09-22,33.0023,-7.6198,35.6,18.4,0.0,16.5,Hot,No Rain,Low,50,0,0,12.5,low
Settat,2026-09-23,33.0023,-7.6198,33.7,18.5,0.0,17.0,Hot,No Rain,Low,50,0,0,12.5,low
Settat,2026-09-24,33.0023,-7.6198,34.9,17.8,0.0,19.1,Hot,No Rain,Low,50,0,0,12.5,low
Barrechid,2026-09-18,33.27,-7.5872,28.9,15.8,0.0,17.7,Normal,No Rain,Low,0,0,0,0.0,low
Barrechid,2026-09-19,33.27,-7.5872,33.5,17.2,0.0,17.8,Hot,No Rain,Low,50,0,0,12.5,low
Barrechid,2026-09-20,33.27,-7.5872,35.8,19.5,0.0,20.0,Hot,No Rain,Moderate,50,0,30,23.0,low
Barrechid,2026-09-21,33.27,-7.5872,36.3,20.1,0.0,19.8,Hot,No Rain,Low,50,0,0,12.5,low
Barrechid,2026-09-22,33.27,-7.5872,34.8,18.4,0.0,18.1,Hot,No Rain,Low,50,0,0,12.5,low
Barrechid,2026-09-23,33.27,-7.5872,32.7,18.0,0.0,18.5,Hot,No Rain,Low,50,0,0,12.5,low
Barrechid,2026-09-24,33.27,-7.5872,33.5,18.0,0.0,20.9,Hot,No Rain,Moderate,50,0,30,23.0,low
Ad Dakhla,2026-09-18,23.7167,-15.95,21.3,20.5,0.0,35.9,Normal,No Rain,Moderate,0,0,30,10.5,low
Ad Dakhla,2026-09-19,23.7167,-15.95,21.2,19.9,0.0,29.2,Normal,No Rain,Moderate,0,0,30,10.5,low
Ad Dakhla,2026-09-20,23.7167,-15.95,21.6,19.5,0.0,28.2,Normal,No Rain,Moderate,0,0,30,10.5,low
Ad Dakhla,2026-09-21,23.7167,-15.95,21.6,20.3,0.0,29.6,Normal,No Rain,Moderate,0,0,30,10.5,low
Ad Dakhla,2026-09-22,23.7167,-15.95,22.0,20.4,0.0,31.3,Normal,No Rain,Moderate,0,0,30,10.5,low
Ad Dakhla,2026-09-23,23.7167,-15.95,22.1,20.2,0.0,29.0,Normal,No Rain,Moderate,0,0,30,10.5,low
Ad Dakhla,2026-09-24,23.7167,-15.95,23.0,20.5,0.0,22.9,Normal,No Rain,Moderate,0,0,30,10.5,low
Nador,2026-09-18,35.1667,-2.9333,25.1,21.8,2.5,17.1,Normal,Light,Low,0,20,0,8.0,low
Nador,2026-09-19,35.1667,-2.9333,25.2,22.7,5.0,22.4,Normal,Moderate,Moderate,0,50,30,30.5,Moderate
Nador,2026-09-20,35.1667,-2.9333,25.7,22.9,5.1,22.3,Normal,Moderate,Moderate,0,50,30,30.5,Moderate
Nador,2026-09-21,35.1667,-2.9333,26.2,23.2,0.3,17.8,Normal,Light,Low,0,20,0,8.0,low
Nador,2026-09-22,35.1667,-2.9333,25.8,21.1,0.0,12.5,Normal,No Rain,Low,0,0,0,0.0,low
Nador,2026-09-23,35.1667,-2.9333,26.6,19.7,0.0,15.5,Normal,No Rain,Low,0,0,0,0.0,low
Nador,2026-09-24,35.1667,-2.9333,27.2,16.6,0.0,14.6,Normal,No Rain,Low,0,0,0,0.0,low
Taza,2026-09-18,34.2144,-4.0088,29.2,17.4,0.0,19.5,Normal,No Rain,Low,0,0,0,0.0,low
Taza,2026-09-19,34.2144,-4.0088,29.3,19.5,0.5,34.6,Normal,Light,Moderate,0,20,30,18.5,low
Taza,2026-09-20,34.2144,-4.0088,29.5,20.6,0.0,20.8,Normal,No Rain,Moderate,0,0,30,10.5,low
Taza,2026-09-21,34.2144,-4.0088,28.3,20.1,0.0,19.9,Normal,No Rain,Low,0,0,0,0.0,low
Taza,2026-09-22,34.2144,-4.0088,29.9,17.6,0.0,17.3,Normal,No Rain,Low,0,0,0,0.0,low
Taza,2026-09-23,34.2144,-4.0088,32.0,17.7,0.0,17.1,Hot,No Rain,Low,50,0,0,12.5,low
Taza,2026-09-24,34.2144,-4.0088,32.6,17.3,0.0,17.5,Hot,No Rain,Low,50,0,0,12.5,low
Inezgane,2026-09-18,30.3658,-9.5381,24.8,19.0,0.0,11.7,Normal,No Rain,Low,0,0,0,0.0,low
Inezgane,2026-09-19,30.3658,-9.5381,24.5,19.8,0.0,14.4,Normal,No Rain,Low,0,0,0,0.0,low
Inezgane,2026-09-20,30.3658,-9.5381,25.6,19.7,0.0,13.5,Normal,No Rain,Low,0,0,0,0.0,low
Inezgane,2026-09-21,30.3658,-9.5381,30.1,20.3,0.0,11.9,Hot,No Rain,Low,50,0,0,12.5,low
Inezgane,2026-09-22,30.3658,-9.5381,27.9,19.0,0.0,12.6,Normal,No Rain,Low,0,0,0,0.0,low
Inezgane,2026-09-23,30.3658,-9.5381,33.2,19.0,0.0,13.9,Hot,No Rain,Low,50,0,0,12.5,low
Inezgane,2026-09-24,30.3658,-9.5381,31.8,18.3,0.0,13.2,Hot,No Rain,Low,50,0,0,12.5,low
Larache,2026-09-18,35.1833,-6.15,27.6,14.4,0.0,15.6,Normal,No Rain,Low,0,0,0,0.0,low
Larache,2026-09-19,35.1833,-6.15,35.1,18.6,0.0,20.1,Hot,No Rain,Moderate,50,0,30,23.0,low
Larache,2026-09-20,35.1833,-6.15,34.6,23.0,0.0,14.7,Hot,No Rain,Low,50,0,0,12.5,low
Larache,2026-09-21,35.1833,-6.15,32.5,22.6,0.0,12.7,Hot,No Rain,Low,50,0,0,12.5,low
Larache,2026-09-22,35.1833,-6.15,31.7,18.1,0.0,17.1,Hot,No Rain,Low,50,0,0,12.5,low
Larache,2026-09-23,35.1833,-6.15,30.8,18.8,0.0,13.8,Hot,No Rain,Low,50,0,0,12.5,low
Larache,2026-09-24,35.1833,-6.15,30.7,15.8,0.0,14.3,Hot,No Rain,Low,50,0,0,12.5,low
Al Khmissat,2026-09-18,33.81,-6.06,29.9,15.4,0.0,16.9,Normal,No Rain,Low,0,0,0,0.0,low
Al Khmissat,2026-09-19,33.81,-6.06,35.0,18.4,0.0,14.2,Hot,No Rain,Low,50,0,0,12.5,low
Al Khmissat,2026-09-20,33.81,-6.06,36.4,20.9,0.0,15.8,Hot,No Rain,Low,50,0,0,12.5,low
Al Khmissat,2026-09-21,33.81,-6.06,35.2,20.6,0.0,14.1,Hot,No Rain,Low,50,0,0,12.5,low
Al Khmissat,2026-09-22,33.81,-6.06,34.5,19.4,0.0,14.6,Hot,No Rain,Low,50,0,0,12.5,low
Al Khmissat,2026-09-23,33.81,-6.06,34.7,19.1,0.0,17.9,Hot,No Rain,Low,50,0,0,12.5,low
Al Khmissat,2026-09-24,33.81,-6.06,35.7,15.9,0.0,18.5,Hot,No Rain,Low,50,0,0,12.5,low
Guelmim,2026-09-18,28.9833,-10.0667,28.1,17.2,0.0,23.7,Normal,No Rain,Moderate,0,0,30,10.5,low
Guelmim,2026-09-19,28.9833,-10.0667,30.1,17.6,0.0,21.4,Hot,No Rain,Moderate,50,0,30,23.0,low
Guelmim,2026-09-20,28.9833,-10.0667,36.9,18.7,0.0,18.7,Hot,No Rain,Low,50,0,0,12.5,low
Guelmim,2026-09-21,28.9833,-10.0667,39.7,23.4,0.0,24.8,Hot,No Rain,Moderate,50,0,30,23.0,low
Guelmim,2026-09-22,28.9833,-10.0667,39.0,24.4,0.0,22.5,Hot,No Rain,Moderate,50,0,30,23.0,low
Guelmim,2026-09-23,28.9833,-10.0667,38.2,23.9,0.0,19.9,Hot,No Rain,Low,50,0,0,12.5,low
Guelmim,2026-09-24,28.9833,-10.0667,38.3,21.4,0.0,23.6,Hot,No Rain,Moderate,50,0,30,23.0,low
Ksar El Kebir,2026-09-18,35.0,-5.9,30.7,15.7,0.0,16.3,Hot,No Rain,Low,50,0,0,12.5,low
Ksar El Kebir,2026-09-19,35.0,-5.9,36.1,18.3,0.0,10.4,Hot,No Rain,Low,50,0,0,12.5,low
Ksar El Kebir,2026-09-20,35.0,-5.9,36.8,21.6,0.0,13.5,Hot,No Rain,Low,50,0,0,12.5,low
Ksar El Kebir,2026-09-21,35.0,-5.9,35.6,22.5,0.0,14.3,Hot,No Rain,Low,50,0,0,12.5,low
Ksar El Kebir,2026-09-22,35.0,-5.9,35.2,19.8,0.0,12.2,Hot,No Rain,Low,50,0,0,12.5,low
Ksar El Kebir,2026-09-23,35.0,-5.9,34.5,20.0,0.0,17.8,Hot,No Rain,Low,50,0,0,12.5,low
Ksar El Kebir,2026-09-24,35.0,-5.9,35.3,17.9,0.0,19.9,Hot,No Rain,Low,50,0,0,12.5,low
Khénifra,2026-09-18,32.93,-5.66,32.0,14.8,0.0,17.8,Hot,No Rain,Low,50,0,0,12.5,low
Khénifra,2026-09-19,32.93,-5.66,34.2,19.6,0.3,20.6,Hot,Light,Moderate,50,20,30,31.0,Moderate
Khénifra,2026-09-20,32.93,-5.66,34.4,19.4,0.0,16.6,Hot,No Rain,Low,50,0,0,12.5,low
Khénifra,2026-09-21,32.93,-5.66,33.9,18.6,0.0,23.0,Hot,No Rain,Moderate,50,0,30,23.0,low
Khénifra,2026-09-22,32.93,-5.66,32.9,17.4,0.0,14.1,Hot,No Rain,Low,50,0,0,12.5,low
Khénifra,2026-09-23,32.93,-5.66,33.9,17.1,0.0,12.0,Hot,No Rain,Low,50,0,0,12.5,low
Khénifra,2026-09-24,32.93,-5.66,35.1,18.4,0.0,15.8,Hot,No Rain,Low,50,0,0,12.5,low
Skhirate,2026-09-18,33.85,-7.03,24.2,16.1,0.0,15.4,Normal,No Rain,Low,0,0,0,0.0,low
Skhirate,2026-09-19,33.85,-7.03,27.4,17.4,0.0,14.2,Normal,No Rain,Low,0,0,0,0.0,low
Skhirate,2026-09-20,33.85,-7.03,27.5,19.5,0.0,12.0,Normal,No Rain,Low,0,0,0,0.0,low
Skhirate,2026-09-21,33.85,-7.03,27.1,20.2,0.0,13.1,Normal,No Rain,Low,0,0,0,0.0,low
Skhirate,2026-09-22,33.85,-7.03,27.4,19.8,0.0,12.5,Normal,No Rain,Low,0,0,0,0.0,low
Skhirate,2026-09-23,33.85,-7.03,25.7,19.2,0.0,12.4,Normal,No Rain,Low,0,0,0,0.0,low
Skhirate,2026-09-24,33.85,-7.03,26.3,19.0,0.0,11.5,Normal,No Rain,Low,0,0,0,0.0,low
Beni Yakhlef,2026-09-18,33.6555,-7.3221,25.9,15.5,0.0,18.0,Normal,No Rain,Low,0,0,0,0.0,low
Beni Yakhlef,2026-09-19,33.6555,-7.3221,29.0,17.0,0.0,16.9,Normal,No Rain,Low,0,0,0,0.0,low
Beni Yakhlef,2026-09-20,33.6555,-7.3221,31.5,18.9,0.0,16.5,Hot,No Rain,Low,50,0,0,12.5,low
Beni Yakhlef,2026-09-21,33.6555,-7.3221,31.7,20.0,0.0,18.6,Hot,No Rain,Low,50,0,0,12.5,low
Beni Yakhlef,2026-09-22,33.6555,-7.3221,30.9,19.3,0.0,16.0,Hot,No Rain,Low,50,0,0,12.5,low
Beni Yakhlef,2026-09-23,33.6555,-7.3221,30.1,18.1,0.0,16.6,Hot,No Rain,Low,50,0,0,12.5,low
Beni Yakhlef,2026-09-24,33.6555,-7.3221,31.3,17.9,0.0,17.6,Hot,No Rain,Low,50,0,0,12.5,low
Sidi Yahya Zaer,2026-09-18,33.7105,-6.8831,27.4,14.9,0.0,17.9,Normal,No Rain,Low,0,0,0,0.0,low
Sidi Yahya Zaer,2026-09-19,33.7105,-6.8831,32.9,17.2,0.0,17.3,Hot,No Rain,Low,50,0,0,12.5,low
Sidi Yahya Zaer,2026-09-20,33.7105,-6.8831,34.0,19.7,0.0,18.7,Hot,No Rain,Low,50,0,0,12.5,low
Sidi Yahya Zaer,2026-09-21,33.7105,-6.8831,33.8,20.5,0.0,17.2,Hot,No Rain,Low,50,0,0,12.5,low
Sidi Yahya Zaer,2026-09-22,33.7105,-6.8831,33.3,19.6,0.0,17.1,Hot,No Rain,Low,50,0,0,12.5,low
Sidi Yahya Zaer,2026-09-23,33.7105,-6.8831,31.5,18.7,0.0,16.2,Hot,No Rain,Low,50,0,0,12.5,low
Sidi Yahya Zaer,2026-09-24,33.7105,-6.8831,32.4,16.5,0.0,15.6,Hot,No Rain,Low,50,0,0,12.5,low
Ben Guerir,2026-09-18,32.23,-7.95,29.9,16.2,0.0,13.0,Normal,No Rain,Low,0,0,0,0.0,low
Ben Guerir,2026-09-19,32.23,-7.95,35.0,20.2,0.0,17.0,Hot,No Rain,Low,50,0,0,12.5,low
Ben Guerir,2026-09-20,32.23,-7.95,35.6,23.3,0.0,17.3,Hot,No Rain,Low,50,0,0,12.5,low
Ben Guerir,2026-09-21,32.23,-7.95,37.2,23.4,0.0,19.5,Hot,No Rain,Low,50,0,0,12.5,low
Ben Guerir,2026-09-22,32.23,-7.95,35.8,21.0,0.0,14.6,Hot,No Rain,Low,50,0,0,12.5,low
Ben Guerir,2026-09-23,32.23,-7.95,35.0,18.8,0.0,20.3,Hot,No Rain,Moderate,50,0,30,23.0,low
Ben Guerir,2026-09-24,32.23,-7.95,36.1,19.0,0.0,22.2,Hot,No Rain,Moderate,50,0,30,23.0,low
Ait Ali,2026-09-18,30.1739,-9.4881,26.2,19.0,0.0,21.5,Normal,No Rain,Moderate,0,0,30,10.5,low
Ait Ali,2026-09-19,30.1739,-9.4881,26.3,19.6,0.0,20.9,Normal,No Rain,Moderate,0,0,30,10.5,low
Ait Ali,2026-09-20,30.1739,-9.4881,26.9,20.1,0.0,18.6,Normal,No Rain,Low,0,0,0,0.0,low
Ait Ali,2026-09-21,30.1739,-9.4881,33.8,21.2,0.0,20.9,Hot,No Rain,Moderate,50,0,30,23.0,low
Ait Ali,2026-09-22,30.1739,-9.4881,29.2,20.5,0.0,21.7,Normal,No Rain,Moderate,0,0,30,10.5,low
Ait Ali,2026-09-23,30.1739,-9.4881,28.4,19.9,0.0,18.4,Normal,No Rain,Low,0,0,0,0.0,low
Ait Ali,2026-09-24,30.1739,-9.4881,27.2,17.7,0.0,18.4,Normal,No Rain,Low,0,0,0,0.0,low
My Drarga,2026-09-18,30.3805,-9.4763,26.1,18.9,0.0,14.9,Normal,No Rain,Low,0,0,0,0.0,low
My Drarga,2026-09-19,30.3805,-9.4763,25.9,19.7,0.0,17.0,Normal,No Rain,Low,0,0,0,0.0,low
My Drarga,2026-09-20,30.3805,-9.4763,27.4,19.8,0.0,15.2,Normal,No Rain,Low,0,0,0,0.0,low
My Drarga,2026-09-21,30.3805,-9.4763,34.1,21.3,0.0,12.8,Hot,No Rain,Low,50,0,0,12.5,low
My Drarga,2026-09-22,30.3805,-9.4763,30.6,19.9,0.0,15.8,Hot,No Rain,Low,50,0,0,12.5,low
My Drarga,2026-09-23,30.3805,-9.4763,33.0,19.7,0.0,13.9,Hot,No Rain,Low,50,0,0,12.5,low
My Drarga,2026-09-24,30.3805,-9.4763,31.6,18.2,0.0,13.2,Hot,No Rain,Low,50,0,0,12.5,low
Lqoliaa,2026-09-18,30.2942,-9.4544,26.8,18.9,0.0,17.6,Normal,No Rain,Low,0,0,0,0.0,low
Lqoliaa,2026-09-19,30.2942,-9.4544,26.5,19.7,0.0,20.8,Normal,No Rain,Moderate,0,0,30,10.5,low
Lqoliaa,2026-09-20,30.2942,-9.4544,27.3,19.9,0.0,19.7,Normal,No Rain,Low,0,0,0,0.0,low
Lqoliaa,2026-09-21,30.2942,-9.4544,36.1,20.6,0.0,19.8,Hot,No Rain,Low,50,0,0,12.5,low
Lqoliaa,2026-09-22,30.2942,-9.4544,31.2,20.1,0.0,20.9,Hot,No Rain,Moderate,50,0,30,23.0,low
Lqoliaa,2026-09-23,30.2942,-9.4544,27.6,18.5,0.0,17.1,Normal,No Rain,Low,0,0,0,0.0,low
Lqoliaa,2026-09-24,30.2942,-9.4544,26.3,17.3,0.0,17.1,Normal,No Rain,Low,0,0,0,0.0,low
El Kelaa des Srarhna,2026-09-18,32.05,-7.4,31.2,17.7,0.0,12.2,Hot,No Rain,Low,50,0,0,12.5,low
El Kelaa des Srarhna,2026-09-19,32.05,-7.4,36.4,20.8,0.0,17.6,Hot,No Rain,Low,50,0,0,12.5,low
El Kelaa des Srarhna,2026-09-20,32.05,-7.4,37.3,23.0,0.2,17.2,Hot,Light,Low,50,20,0,20.5,low
El Kelaa des Srarhna,2026-09-21,32.05,-7.4,37.4,22.9,0.0,20.6,Hot,No Rain,Moderate,50,0,30,23.0,low
El Kelaa des Srarhna,2026-09-22,32.05,-7.4,36.2,21.2,0.0,14.2,Hot,No Rain,Low,50,0,0,12.5,low
El Kelaa des Srarhna,2026-09-23,32.05,-7.4,35.2,20.5,0.0,16.5,Hot,No Rain,Low,50,0,0,12.5,low
El Kelaa des Srarhna,2026-09-24,32.05,-7.4,36.5,19.0,0.0,18.2,Hot,No Rain,Low,50,0,0,12.5,low
Moulay Abdallah,2026-09-18,33.1978,-8.5883,25.1,19.4,0.0,19.6,Normal,No Rain,Low,0,0,0,0.0,low
Moulay Abdallah,2026-09-19,33.1978,-8.5883,27.1,20.5,0.0,18.7,Normal,No Rain,Low,0,0,0,0.0,low
Moulay Abdallah,2026-09-20,33.1978,-8.5883,27.3,20.9,0.0,13.3,Normal,No Rain,Low,0,0,0,0.0,low
Moulay Abdallah,2026-09-21,33.1978,-8.5883,29.2,21.1,0.0,14.3,Normal,No Rain,Low,0,0,0,0.0,low
Moulay Abdallah,2026-09-22,33.1978,-8.5883,26.3,20.8,0.0,13.4,Normal,No Rain,Low,0,0,0,0.0,low
Moulay Abdallah,2026-09-23,33.1978,-8.5883,27.3,20.7,0.0,14.4,Normal,No Rain,Low,0,0,0,0.0,low
Moulay Abdallah,2026-09-24,33.1978,-8.5883,27.0,20.4,0.0,15.0,Normal,No Rain,Low,0,0,0,0.0,low
Tiflet,2026-09-18,33.9,-6.33,29.3,15.5,0.0,16.7,Normal,No Rain,Low,0,0,0,0.0,low
Tiflet,2026-09-19,33.9,-6.33,34.7,18.5,0.0,15.2,Hot,No Rain,Low,50,0,0,12.5,low
Tiflet,2026-09-20,33.9,-6.33,36.4,20.8,0.0,17.9,Hot,No Rain,Low,50,0,0,12.5,low
Tiflet,2026-09-21,33.9,-6.33,35.1,21.1,0.0,16.1,Hot,No Rain,Low,50,0,0,12.5,low
Tiflet,2026-09-22,33.9,-6.33,34.3,19.5,0.0,13.8,Hot,No Rain,Low,50,0,0,12.5,low
Tiflet,2026-09-23,33.9,-6.33,35.1,21.2,0.0,17.0,Hot,No Rain,Low,50,0,0,12.5,low
Tiflet,2026-09-24,33.9,-6.33,35.9,18.5,0.0,15.0,Hot,No Rain,Low,50,0,0,12.5,low
Oulad Teïma,2026-09-18,30.4,-9.21,29.2,18.3,0.0,20.7,Normal,No Rain,Moderate,0,0,30,10.5,low
Oulad Teïma,2026-09-19,30.4,-9.21,29.1,19.3,0.0,24.2,Normal,No Rain,Moderate,0,0,30,10.5,low
Oulad Teïma,2026-09-20,30.4,-9.21,30.8,19.6,0.0,22.6,Hot,No Rain,Moderate,50,0,30,23.0,low
Oulad Teïma,2026-09-21,30.4,-9.21,40.3,21.0,0.0,22.5,Very Hot,No Rain,Moderate,100,0,30,35.5,Moderate
Oulad Teïma,2026-09-22,30.4,-9.21,38.0,20.4,0.0,29.8,Hot,No Rain,Moderate,50,0,30,23.0,low
Oulad Teïma,2026-09-23,30.4,-9.21,32.9,18.3,0.0,27.6,Hot,No Rain,Moderate,50,0,30,23.0,low
Oulad Teïma,2026-09-24,30.4,-9.21,29.8,16.3,0.0,26.4,Normal,No Rain,Moderate,0,0,30,10.5,low
Berkane,2026-09-18,34.9167,-2.3167,26.5,18.4,0.0,19.0,Normal,No Rain,Low,0,0,0,0.0,low
Berkane,2026-09-19,34.9167,-2.3167,26.6,20.4,0.0,18.8,Normal,No Rain,Low,0,0,0,0.0,low
Berkane,2026-09-20,34.9167,-2.3167,27.1,21.2,0.0,18.9,Normal,No Rain,Low,0,0,0,0.0,low
Berkane,2026-09-21,34.9167,-2.3167,26.5,19.4,0.1,20.2,Normal,Light,Moderate,0,20,30,18.5,low
Berkane,2026-09-22,34.9167,-2.3167,26.9,17.7,0.0,15.8,Normal,No Rain,Low,0,0,0,0.0,low
Berkane,2026-09-23,34.9167,-2.3167,27.7,16.5,0.0,12.4,Normal,No Rain,Low,0,0,0,0.0,low
Berkane,2026-09-24,34.9167,-2.3167,28.3,17.7,0.0,11.2,Normal,No Rain,Low,0,0,0,0.0,low
Ain El Aouda,2026-09-18,33.8111,-6.7922,27.4,14.9,0.0,16.8,Normal,No Rain,Low,0,0,0,0.0,low
Ain El Aouda,2026-09-19,33.8111,-6.7922,33.2,16.3,0.0,17.2,Hot,No Rain,Low,50,0,0,12.5,low
Ain El Aouda,2026-09-20,33.8111,-6.7922,33.8,18.5,0.0,17.1,Hot,No Rain,Low,50,0,0,12.5,low
Ain El Aouda,2026-09-21,33.8111,-6.7922,33.4,19.6,0.0,15.5,Hot,No Rain,Low,50,0,0,12.5,low
Ain El Aouda,2026-09-22,33.8111,-6.7922,33.1,18.8,0.0,15.3,Hot,No Rain,Low,50,0,0,12.5,low
Ain El Aouda,2026-09-23,33.8111,-6.7922,32.5,18.1,0.0,16.5,Hot,No Rain,Low,50,0,0,12.5,low
Ain El Aouda,2026-09-24,33.8111,-6.7922,33.2,16.8,0.0,15.3,Hot,No Rain,Low,50,0,0,12.5,low
Errachidia,2026-09-18,31.9319,-4.4244,31.0,18.7,5.2,16.3,Hot,Moderate,Low,50,50,0,32.5,Moderate
Errachidia,2026-09-19,31.9319,-4.4244,28.2,19.5,5.0,15.5,Normal,Moderate,Low,0,50,0,20.0,low
Errachidia,2026-09-20,31.9319,-4.4244,29.1,18.6,0.2,10.6,Normal,Light,Low,0,20,0,8.0,low
Errachidia,2026-09-21,31.9319,-4.4244,30.5,20.0,0.9,15.4,Hot,Light,Low,50,20,0,20.5,low
Errachidia,2026-09-22,31.9319,-4.4244,29.1,17.9,0.0,5.7,Normal,No Rain,Low,0,0,0,0.0,low
Errachidia,2026-09-23,31.9319,-4.4244,30.2,18.3,0.0,11.7,Hot,No Rain,Low,50,0,0,12.5,low
Errachidia,2026-09-24,31.9319,-4.4244,30.9,19.1,0.0,13.3,Hot,No Rain,Low,50,0,0,12.5,low
Al Fqih Ben Çalah,2026-09-18,32.507,-6.6886,33.7,16.4,0.0,10.2,Hot,No Rain,Low,50,0,0,12.5,low
Al Fqih Ben Çalah,2026-09-19,32.507,-6.6886,37.8,20.4,0.0,15.2,Hot,No Rain,Low,50,0,0,12.5,low
Al Fqih Ben Çalah,2026-09-20,32.507,-6.6886,38.4,22.7,0.0,23.4,Hot,No Rain,Moderate,50,0,30,23.0,low
Al Fqih Ben Çalah,2026-09-21,32.507,-6.6886,37.4,20.8,0.0,14.3,Hot,No Rain,Low,50,0,0,12.5,low
Al Fqih Ben Çalah,2026-09-22,32.507,-6.6886,36.8,18.1,0.0,16.4,Hot,No Rain,Low,50,0,0,12.5,low
Al Fqih Ben Çalah,2026-09-23,32.507,-6.6886,37.4,18.2,0.0,9.8,Hot,No Rain,Low,50,0,0,12.5,low
Al Fqih Ben Çalah,2026-09-24,32.507,-6.6886,38.3,15.7,0.0,10.5,Hot,No Rain,Low,50,0,0,12.5,low
Ad Darwa,2026-09-18,33.4167,-7.5333,27.0,16.7,0.0,16.2,Normal,No Rain,Low,0,0,0,0.0,low
Ad Darwa,2026-09-19,33.4167,-7.5333,30.8,18.2,0.0,16.4,Hot,No Rain,Low,50,0,0,12.5,low
Ad Darwa,2026-09-20,33.4167,-7.5333,34.3,19.6,0.0,16.1,Hot,No Rain,Low,50,0,0,12.5,low
Ad Darwa,2026-09-21,33.4167,-7.5333,34.3,20.1,0.0,17.3,Hot,No Rain,Low,50,0,0,12.5,low
Ad Darwa,2026-09-22,33.4167,-7.5333,32.8,19.4,0.0,16.2,Hot,No Rain,Low,50,0,0,12.5,low
Ad Darwa,2026-09-23,33.4167,-7.5333,32.8,18.3,0.0,17.9,Hot,No Rain,Low,50,0,0,12.5,low
Ad Darwa,2026-09-24,33.4167,-7.5333,34.0,17.7,0.0,20.0,Hot,No Rain,Moderate,50,0,30,23.0,low
Martil,2026-09-18,35.61,-5.27,24.7,19.1,0.3,19.5,Normal,Light,Low,0,20,0,8.0,low
Martil,2026-09-19,35.61,-5.27,24.7,22.2,2.2,27.3,Normal,Light,Moderate,0,20,30,18.5,low
Martil,2026-09-20,35.61,-5.27,24.8,22.8,3.9,25.4,Normal,Light,Moderate,0,20,30,18.5,low
Martil,2026-09-21,35.61,-5.27,25.6,21.9,0.4,22.6,Normal,Light,Moderate,0,20,30,18.5,low
Martil,2026-09-22,35.61,-5.27,25.2,21.6,0.0,18.1,Normal,No Rain,Low,0,0,0,0.0,low
Martil,2026-09-23,35.61,-5.27,25.0,20.9,0.0,14.0,Normal,No Rain,Low,0,0,0,0.0,low
Martil,2026-09-24,35.61,-5.27,24.8,20.4,0.0,11.7,Normal,No Rain,Low,0,0,0,0.0,low
Sidi Slimane,2026-09-18,34.26,-5.93,32.2,16.3,0.0,16.8,Hot,No Rain,Low,50,0,0,12.5,low
Sidi Slimane,2026-09-19,34.26,-5.93,37.4,19.4,0.0,18.1,Hot,No Rain,Low,50,0,0,12.5,low
Sidi Slimane,2026-09-20,34.26,-5.93,38.5,23.9,0.0,17.0,Hot,No Rain,Low,50,0,0,12.5,low
Sidi Slimane,2026-09-21,34.26,-5.93,37.2,22.7,0.0,13.0,Hot,No Rain,Low,50,0,0,12.5,low
Sidi Slimane,2026-09-22,34.26,-5.93,36.8,22.1,0.0,15.2,Hot,No Rain,Low,50,0,0,12.5,low
Sidi Slimane,2026-09-23,34.26,-5.93,37.0,18.9,0.0,14.5,Hot,No Rain,Low,50,0,0,12.5,low
Sidi Slimane,2026-09-24,34.26,-5.93,38.2,17.2,0.0,14.5,Hot,No Rain,Low,50,0,0,12.5,low
Oued Zem,2026-09-18,32.8619,-6.5711,31.1,15.3,0.0,17.3,Hot,No Rain,Low,50,0,0,12.5,low
Oued Zem,2026-09-19,32.8619,-6.5711,34.4,19.2,0.0,17.9,Hot,No Rain,Low,50,0,0,12.5,low
Oued Zem,2026-09-20,32.8619,-6.5711,35.0,22.9,0.0,23.0,Hot,No Rain,Moderate,50,0,30,23.0,low
Oued Zem,2026-09-21,32.8619,-6.5711,33.7,21.7,0.0,21.3,Hot,No Rain,Moderate,50,0,30,23.0,low
Oued Zem,2026-09-22,32.8619,-6.5711,33.7,20.7,0.0,14.1,Hot,No Rain,Low,50,0,0,12.5,low
Oued Zem,2026-09-23,32.8619,-6.5711,33.6,19.9,0.0,16.0,Hot,No Rain,Low,50,0,0,12.5,low
Oued Zem,2026-09-24,32.8619,-6.5711,34.8,18.5,0.0,19.2,Hot,No Rain,Low,50,0,0,12.5,low
Sefrou,2026-09-18,33.83,-4.83,28.2,16.4,0.0,14.8,Normal,No Rain,Low,0,0,0,0.0,low
Sefrou,2026-09-19,33.83,-4.83,31.0,19.5,0.1,19.3,Hot,Light,Low,50,20,0,20.5,low
Sefrou,2026-09-20,33.83,-4.83,31.8,20.1,0.0,17.3,Hot,No Rain,Low,50,0,0,12.5,low
Sefrou,2026-09-21,33.83,-4.83,30.5,19.8,0.0,16.0,Hot,No Rain,Low,50,0,0,12.5,low
Sefrou,2026-09-22,33.83,-4.83,30.1,19.0,0.0,17.0,Hot,No Rain,Low,50,0,0,12.5,low
Sefrou,2026-09-23,33.83,-4.83,31.6,19.4,0.0,13.0,Hot,No Rain,Low,50,0,0,12.5,low
Sefrou,2026-09-24,33.83,-4.83,32.7,16.8,0.0,14.8,Hot,No Rain,Low,50,0,0,12.5,low
Taroudannt,2026-09-18,30.4711,-8.8778,30.1,18.2,0.0,18.4,Hot,No Rain,Low,50,0,0,12.5,low
Taroudannt,2026-09-19,30.4711,-8.8778,31.2,19.8,0.0,22.0,Hot,No Rain,Moderate,50,0,30,23.0,low
Taroudannt,2026-09-20,30.4711,-8.8778,33.5,20.5,0.0,21.7,Hot,No Rain,Moderate,50,0,30,23.0,low
Taroudannt,2026-09-21,30.4711,-8.8778,40.4,22.5,0.0,28.2,Very Hot,No Rain,Moderate,100,0,30,35.5,Moderate
Taroudannt,2026-09-22,30.4711,-8.8778,38.3,21.4,0.0,30.7,Hot,No Rain,Moderate,50,0,30,23.0,low
Taroudannt,2026-09-23,30.4711,-8.8778,37.8,19.1,0.0,27.0,Hot,No Rain,Moderate,50,0,30,23.0,low
Taroudannt,2026-09-24,30.4711,-8.8778,36.5,17.1,0.0,23.4,Hot,No Rain,Moderate,50,0,30,23.0,low
Essaouira,2026-09-18,31.513,-9.7687,23.6,18.7,0.0,26.8,Normal,No Rain,Moderate,0,0,30,10.5,low
Essaouira,2026-09-19,31.513,-9.7687,24.4,18.5,0.0,18.0,Normal,No Rain,Low,0,0,0,0.0,low
Essaouira,2026-09-20,31.513,-9.7687,24.6,19.4,0.0,12.1,Normal,No Rain,Low,0,0,0,0.0,low
Essaouira,2026-09-21,31.513,-9.7687,25.1,18.5,0.0,9.3,Normal,No Rain,Low,0,0,0,0.0,low
Essaouira,2026-09-22,31.513,-9.7687,23.3,17.6,0.0,10.9,Normal,No Rain,Low,0,0,0,0.0,low
Essaouira,2026-09-23,31.513,-9.7687,27.0,17.4,0.0,11.8,Normal,No Rain,Low,0,0,0,0.0,low
Essaouira,2026-09-24,31.513,-9.7687,27.2,18.5,0.0,11.6,Normal,No Rain,Low,0,0,0,0.0,low
Azrou,2026-09-18,33.4344,-5.2213,26.4,13.5,0.0,16.3,Normal,No Rain,Low,0,0,0,0.0,low
Azrou,2026-09-19,33.4344,-5.2213,28.8,18.3,0.5,17.1,Normal,Light,Low,0,20,0,8.0,low
Azrou,2026-09-20,33.4344,-5.2213,29.1,17.9,0.0,19.6,Normal,No Rain,Low,0,0,0,0.0,low
Azrou,2026-09-21,33.4344,-5.2213,28.0,16.5,0.0,18.7,Normal,No Rain,Low,0,0,0,0.0,low
Azrou,2026-09-22,33.4344,-5.2213,27.3,14.5,0.0,16.8,Normal,No Rain,Low,0,0,0,0.0,low
Azrou,2026-09-23,33.4344,-5.2213,28.2,16.6,0.0,12.5,Normal,No Rain,Low,0,0,0,0.0,low
Azrou,2026-09-24,33.4344,-5.2213,29.2,18.4,0.0,15.7,Normal,No Rain,Low,0,0,0,0.0,low
Guercif,2026-09-18,34.23,-3.36,30.3,18.3,0.0,28.8,Hot,No Rain,Moderate,50,0,30,23.0,low
Guercif,2026-09-19,34.23,-3.36,30.8,21.0,2.0,27.9,Hot,Light,Moderate,50,20,30,31.0,Moderate
Guercif,2026-09-20,34.23,-3.36,30.9,21.4,0.0,29.7,Hot,No Rain,Moderate,50,0,30,23.0,low
Guercif,2026-09-21,34.23,-3.36,29.1,20.4,0.0,28.6,Normal,No Rain,Moderate,0,0,30,10.5,low
Guercif,2026-09-22,34.23,-3.36,31.0,17.7,0.0,23.9,Hot,No Rain,Moderate,50,0,30,23.0,low
Guercif,2026-09-23,34.23,-3.36,32.3,17.3,0.0,23.9,Hot,No Rain,Moderate,50,0,30,23.0,low
Guercif,2026-09-24,34.23,-3.36,33.5,17.4,0.0,23.7,Hot,No Rain,Moderate,50,0,30,23.0,low
Warzat,2026-09-18,30.9167,-6.9167,31.5,16.6,0.0,12.3,Hot,No Rain,Low,50,0,0,12.5,low
Warzat,2026-09-19,30.9167,-6.9167,31.6,20.3,0.0,22.9,Hot,No Rain,Moderate,50,0,30,23.0,low
Warzat,2026-09-20,30.9167,-6.9167,32.2,19.4,0.0,21.6,Hot,No Rain,Moderate,50,0,30,23.0,low
Warzat,2026-09-21,30.9167,-6.9167,32.7,19.0,0.1,28.7,Hot,Light,Moderate,50,20,30,31.0,Moderate
Warzat,2026-09-22,30.9167,-6.9167,33.4,17.3,0.0,28.7,Hot,No Rain,Moderate,50,0,30,23.0,low
Warzat,2026-09-23,30.9167,-6.9167,31.7,16.3,0.0,16.2,Hot,No Rain,Low,50,0,0,12.5,low
Warzat,2026-09-24,30.9167,-6.9167,33.1,17.5,0.3,9.8,Hot,Light,Low,50,20,0,20.5,low
Fnidq,2026-09-18,35.8414,-5.3587,24.3,19.1,0.5,18.5,Normal,Light,Low,0,20,0,8.0,low
Fnidq,2026-09-19,35.8414,-5.3587,24.4,21.4,2.4,27.1,Normal,Light,Moderate,0,20,30,18.5,low
Fnidq,2026-09-20,35.8414,-5.3587,24.3,22.0,2.9,23.7,Normal,Light,Moderate,0,20,30,18.5,low
Fnidq,2026-09-21,35.8414,-5.3587,25.1,21.5,0.2,21.5,Normal,Light,Moderate,0,20,30,18.5,low
Fnidq,2026-09-22,35.8414,-5.3587,25.0,20.7,0.0,18.9,Normal,No Rain,Low,0,0,0,0.0,low
Fnidq,2026-09-23,35.8414,-5.3587,25.0,20.0,0.0,14.0,Normal,No Rain,Low,0,0,0,0.0,low
Fnidq,2026-09-24,35.8414,-5.3587,24.7,20.3,0.0,11.7,Normal,No Rain,Low,0,0,0,0.0,low
Tan-Tan,2026-09-18,28.4333,-11.1,25.7,19.7,0.0,26.9,Normal,No Rain,Moderate,0,0,30,10.5,low
Tan-Tan,2026-09-19,28.4333,-11.1,26.7,19.2,0.0,20.2,Normal,No Rain,Moderate,0,0,30,10.5,low
Tan-Tan,2026-09-20,28.4333,-11.1,32.1,18.0,0.0,18.6,Hot,No Rain,Low,50,0,0,12.5,low
Tan-Tan,2026-09-21,28.4333,-11.1,34.2,19.0,0.0,26.5,Hot,No Rain,Moderate,50,0,30,23.0,low
Tan-Tan,2026-09-22,28.4333,-11.1,34.3,18.9,0.0,17.5,Hot,No Rain,Low,50,0,0,12.5,low
Tan-Tan,2026-09-23,28.4333,-11.1,37.0,20.9,0.0,23.4,Hot,No Rain,Moderate,50,0,30,23.0,low
Tan-Tan,2026-09-24,28.4333,-11.1,37.2,21.4,0.0,18.8,Hot,No Rain,Low,50,0,0,12.5,low
Sidi Qacem,2026-09-18,34.21,-5.7,32.2,17.1,0.0,13.7,Hot,No Rain,Low,50,0,0,12.5,low
Sidi Qacem,2026-09-19,34.21,-5.7,36.6,21.3,0.0,18.4,Hot,No Rain,Low,50,0,0,12.5,low
Sidi Qacem,2026-09-20,34.21,-5.7,37.8,25.2,0.0,15.8,Hot,No Rain,Low,50,0,0,12.5,low
Sidi Qacem,2026-09-21,34.21,-5.7,36.5,23.9,0.0,14.4,Hot,No Rain,Low,50,0,0,12.5,low
Sidi Qacem,2026-09-22,34.21,-5.7,36.2,22.9,0.0,9.0,Hot,No Rain,Low,50,0,0,12.5,low
Sidi Qacem,2026-09-23,34.21,-5.7,36.6,20.1,0.0,14.3,Hot,No Rain,Low,50,0,0,12.5,low
Sidi Qacem,2026-09-24,34.21,-5.7,37.8,19.7,0.0,14.8,Hot,No Rain,Low,50,0,0,12.5,low
M’diq,2026-09-18,35.68,-5.32,24.6,19.0,0.3,19.5,Normal,Light,Low,0,20,0,8.0,low
M’diq,2026-09-19,35.68,-5.32,24.5,22.0,2.2,27.3,Normal,Light,Moderate,0,20,30,18.5,low
M’diq,2026-09-20,35.68,-5.32,24.6,22.6,3.9,25.4,Normal,Light,Moderate,0,20,30,18.5,low
M’diq,2026-09-21,35.68,-5.32,25.5,21.8,0.4,22.6,Normal,Light,Moderate,0,20,30,18.5,low
M’diq,2026-09-22,35.68,-5.32,25.0,21.5,0.0,18.1,Normal,No Rain,Low,0,0,0,0.0,low
M’diq,2026-09-23,35.68,-5.32,27.6,20.8,0.0,16.8,Normal,No Rain,Low,0,0,0,0.0,low
M’diq,2026-09-24,35.68,-5.32,27.8,20.2,0.0,14.0,Normal,No Rain,Low,0,0,0,0.0,low
Youssoufia,2026-09-18,32.25,-8.53,29.8,16.5,0.0,15.9,Normal,No Rain,Low,0,0,0,0.0,low
Youssoufia,2026-09-19,32.25,-8.53,34.1,17.4,0.0,16.4,Hot,No Rain,Low,50,0,0,12.5,low
Youssoufia,2026-09-20,32.25,-8.53,35.1,21.5,0.0,18.1,Hot,No Rain,Low,50,0,0,12.5,low
Youssoufia,2026-09-21,32.25,-8.53,37.8,22.0,0.0,18.7,Hot,No Rain,Low,50,0,0,12.5,low
Youssoufia,2026-09-22,32.25,-8.53,36.0,19.6,0.0,16.1,Hot,No Rain,Low,50,0,0,12.5,low
Youssoufia,2026-09-23,32.25,-8.53,34.1,18.5,0.0,20.1,Hot,No Rain,Moderate,50,0,30,23.0,low
Youssoufia,2026-09-24,32.25,-8.53,33.8,18.7,0.0,19.2,Hot,No Rain,Low,50,0,0,12.5,low
Midalt,2026-09-18,32.68,-4.74,27.5,12.9,0.0,23.8,Normal,No Rain,Moderate,0,0,30,10.5,low
Midalt,2026-09-19,32.68,-4.74,27.4,14.2,1.5,21.0,Normal,Light,Moderate,0,20,30,18.5,low
Midalt,2026-09-20,32.68,-4.74,28.8,14.0,0.3,21.8,Normal,Light,Moderate,0,20,30,18.5,low
Midalt,2026-09-21,32.68,-4.74,28.6,14.9,0.0,24.9,Normal,No Rain,Moderate,0,0,30,10.5,low
Midalt,2026-09-22,32.68,-4.74,27.5,13.6,0.0,19.8,Normal,No Rain,Low,0,0,0,0.0,low
Midalt,2026-09-23,32.68,-4.74,28.3,13.4,0.0,13.4,Normal,No Rain,Low,0,0,0,0.0,low
Midalt,2026-09-24,32.68,-4.74,29.5,12.9,0.0,10.2,Normal,No Rain,Low,0,0,0,0.0,low
Aïn Harrouda,2026-09-18,33.6372,-7.4483,25.3,17.1,0.0,13.4,Normal,No Rain,Low,0,0,0,0.0,low
Aïn Harrouda,2026-09-19,33.6372,-7.4483,27.7,17.9,0.0,12.4,Normal,No Rain,Low,0,0,0,0.0,low
Aïn Harrouda,2026-09-20,33.6372,-7.4483,30.0,19.5,0.0,11.8,Hot,No Rain,Low,50,0,0,12.5,low
Aïn Harrouda,2026-09-21,33.6372,-7.4483,30.2,20.3,0.0,13.1,Hot,No Rain,Low,50,0,0,12.5,low
Aïn Harrouda,2026-09-22,33.6372,-7.4483,29.1,20.1,0.0,11.5,Normal,No Rain,Low,0,0,0,0.0,low
Aïn Harrouda,2026-09-23,33.6372,-7.4483,28.3,19.2,0.0,13.4,Normal,No Rain,Low,0,0,0,0.0,low
Aïn Harrouda,2026-09-24,33.6372,-7.4483,29.2,19.0,0.0,13.2,Normal,No Rain,Low,0,0,0,0.0,low
Souq Sebt Oulad Nemma,2026-09-18,32.3,-6.7,33.5,17.7,0.0,11.5,Hot,No Rain,Low,50,0,0,12.5,low
Souq Sebt Oulad Nemma,2026-09-19,32.3,-6.7,38.1,20.8,0.2,14.9,Hot,Light,Low,50,20,0,20.5,low
Souq Sebt Oulad Nemma,2026-09-20,32.3,-6.7,38.8,23.1,0.6,17.5,Hot,Light,Low,50,20,0,20.5,low
Souq Sebt Oulad Nemma,2026-09-21,32.3,-6.7,37.6,22.8,0.0,14.5,Hot,No Rain,Low,50,0,0,12.5,low
Souq Sebt Oulad Nemma,2026-09-22,32.3,-6.7,37.2,21.4,0.0,11.3,Hot,No Rain,Low,50,0,0,12.5,low
Souq Sebt Oulad Nemma,2026-09-23,32.3,-6.7,37.7,20.1,0.0,11.9,Hot,No Rain,Low,50,0,0,12.5,low
Souq Sebt Oulad Nemma,2026-09-24,32.3,-6.7,38.5,18.6,0.0,8.8,Hot,No Rain,Low,50,0,0,12.5,low
Mehdya,2026-09-18,34.2557,-6.6745,26.1,15.6,0.0,15.5,Normal,No Rain,Low,0,0,0,0.0,low
Mehdya,2026-09-19,34.2557,-6.6745,34.0,17.7,0.0,17.5,Hot,No Rain,Low,50,0,0,12.5,low
Mehdya,2026-09-20,34.2557,-6.6745,35.2,21.0,0.0,12.8,Hot,No Rain,Low,50,0,0,12.5,low
Mehdya,2026-09-21,34.2557,-6.6745,31.9,20.9,0.0,13.5,Hot,No Rain,Low,50,0,0,12.5,low
Mehdya,2026-09-22,34.2557,-6.6745,30.1,19.5,0.0,12.4,Hot,No Rain,Low,50,0,0,12.5,low
Mehdya,2026-09-23,34.2557,-6.6745,29.0,19.6,0.0,12.3,Normal,No Rain,Low,0,0,0,0.0,low
Mehdya,2026-09-24,34.2557,-6.6745,29.7,17.8,0.0,12.5,Normal,No Rain,Low,0,0,0,0.0,low
Ouezzane,2026-09-18,34.8,-5.6,30.6,14.1,0.0,14.5,Hot,No Rain,Low,50,0,0,12.5,low
Ouezzane,2026-09-19,34.8,-5.6,35.4,17.7,0.0,16.9,Hot,No Rain,Low,50,0,0,12.5,low
Ouezzane,2026-09-20,34.8,-5.6,36.4,20.5,0.0,12.4,Hot,No Rain,Low,50,0,0,12.5,low
Ouezzane,2026-09-21,34.8,-5.6,35.1,20.4,0.0,11.0,Hot,No Rain,Low,50,0,0,12.5,low
Ouezzane,2026-09-22,34.8,-5.6,35.0,18.2,0.0,8.2,Hot,No Rain,Low,50,0,0,12.5,low
Ouezzane,2026-09-23,34.8,-5.6,35.3,18.6,0.0,12.6,Hot,No Rain,Low,50,0,0,12.5,low
Ouezzane,2026-09-24,34.8,-5.6,36.7,17.2,0.0,15.3,Hot,No Rain,Low,50,0,0,12.5,low
Semara,2026-09-18,26.7394,-11.6703,30.7,19.8,0.0,25.1,Hot,No Rain,Moderate,50,0,30,23.0,low
Semara,2026-09-19,26.7394,-11.6703,32.0,18.4,0.0,20.5,Hot,No Rain,Moderate,50,0,30,23.0,low
Semara,2026-09-20,26.7394,-11.6703,37.4,18.8,0.0,19.6,Hot,No Rain,Low,50,0,0,12.5,low
Semara,2026-09-21,26.7394,-11.6703,41.3,23.9,0.0,23.0,Very Hot,No Rain,Moderate,100,0,30,35.5,Moderate
Semara,2026-09-22,26.7394,-11.6703,41.7,24.6,0.0,28.8,Very Hot,No Rain,Moderate,100,0,30,35.5,Moderate
Semara,2026-09-23,26.7394,-11.6703,41.6,26.8,0.0,22.5,Very Hot,No Rain,Moderate,100,0,30,35.5,Moderate
Semara,2026-09-24,26.7394,-11.6703,40.9,26.6,0.0,20.1,Very Hot,No Rain,Moderate,100,0,30,35.5,Moderate
Ait Ourir,2026-09-18,31.5644,-7.6628,29.8,16.6,0.0,8.9,Normal,No Rain,Low,0,0,0,0.0,low
Ait Ourir,2026-09-19,31.5644,-7.6628,35.0,19.9,0.2,11.4,Hot,Light,Low,50,20,0,20.5,low
Ait Ourir,2026-09-20,31.5644,-7.6628,35.4,22.0,0.4,12.7,Hot,Light,Low,50,20,0,20.5,low
Ait Ourir,2026-09-21,31.5644,-7.6628,35.7,22.1,0.0,21.4,Hot,No Rain,Moderate,50,0,30,23.0,low
Ait Ourir,2026-09-22,31.5644,-7.6628,34.9,21.5,0.0,16.6,Hot,No Rain,Low,50,0,0,12.5,low
Ait Ourir,2026-09-23,31.5644,-7.6628,34.4,18.9,0.0,12.2,Hot,No Rain,Low,50,0,0,12.5,low
Ait Ourir,2026-09-24,31.5644,-7.6628,35.4,18.9,0.0,12.8,Hot,No Rain,Low,50,0,0,12.5,low
Oulad Tayeb,2026-09-18,33.9598,-4.9954,31.2,17.3,0.0,13.4,Hot,No Rain,Low,50,0,0,12.5,low
Oulad Tayeb,2026-09-19,33.9598,-4.9954,33.5,19.6,0.0,21.2,Hot,No Rain,Moderate,50,0,30,23.0,low
Oulad Tayeb,2026-09-20,33.9598,-4.9954,34.8,20.4,0.0,16.2,Hot,No Rain,Low,50,0,0,12.5,low
Oulad Tayeb,2026-09-21,33.9598,-4.9954,33.6,20.6,0.0,14.6,Hot,No Rain,Low,50,0,0,12.5,low
Oulad Tayeb,2026-09-22,33.9598,-4.9954,33.5,19.3,0.0,12.7,Hot,No Rain,Low,50,0,0,12.5,low
Oulad Tayeb,2026-09-23,33.9598,-4.9954,34.1,19.3,0.0,8.7,Hot,No Rain,Low,50,0,0,12.5,low
Oulad Tayeb,2026-09-24,33.9598,-4.9954,35.2,20.7,0.0,9.6,Hot,No Rain,Low,50,0,0,12.5,low
Tit Mellil,2026-09-18,33.5533,-7.4822,25.1,17.4,0.0,13.7,Normal,No Rain,Low,0,0,0,0.0,low
Tit Mellil,2026-09-19,33.5533,-7.4822,27.8,18.3,0.0,13.2,Normal,No Rain,Low,0,0,0,0.0,low
Tit Mellil,2026-09-20,33.5533,-7.4822,31.0,19.3,0.0,12.7,Hot,No Rain,Low,50,0,0,12.5,low
Tit Mellil,2026-09-21,33.5533,-7.4822,31.0,20.4,0.0,13.5,Hot,No Rain,Low,50,0,0,12.5,low
Tit Mellil,2026-09-22,33.5533,-7.4822,29.8,19.9,0.0,12.1,Normal,No Rain,Low,0,0,0,0.0,low
Tit Mellil,2026-09-23,33.5533,-7.4822,28.5,18.8,0.0,12.6,Normal,No Rain,Low,0,0,0,0.0,low
Tit Mellil,2026-09-24,33.5533,-7.4822,29.8,18.7,0.0,12.8,Normal,No Rain,Low,0,0,0,0.0,low
Sidi Bennour,2026-09-18,32.655,-8.4292,29.2,16.1,0.0,18.9,Normal,No Rain,Low,0,0,0,0.0,low
Sidi Bennour,2026-09-19,32.655,-8.4292,33.7,17.4,0.0,19.5,Hot,No Rain,Low,50,0,0,12.5,low
Sidi Bennour,2026-09-20,32.655,-8.4292,34.5,20.0,0.0,17.8,Hot,No Rain,Low,50,0,0,12.5,low
Sidi Bennour,2026-09-21,32.655,-8.4292,38.2,20.0,0.0,20.0,Hot,No Rain,Moderate,50,0,30,23.0,low
Sidi Bennour,2026-09-22,32.655,-8.4292,35.5,17.9,0.0,16.7,Hot,No Rain,Low,50,0,0,12.5,low
Sidi Bennour,2026-09-23,32.655,-8.4292,33.8,19.1,0.0,17.2,Hot,No Rain,Low,50,0,0,12.5,low
Sidi Bennour,2026-09-24,32.655,-8.4292,33.1,17.3,0.0,19.9,Hot,No Rain,Low,50,0,0,12.5,low
Temsia,2026-09-18,30.3633,-9.4144,27.2,19.0,0.0,17.9,Normal,No Rain,Low,0,0,0,0.0,low
Temsia,2026-09-19,30.3633,-9.4144,26.8,19.7,0.0,22.1,Normal,No Rain,Moderate,0,0,30,10.5,low
Temsia,2026-09-20,30.3633,-9.4144,28.4,19.9,0.0,18.8,Normal,No Rain,Low,0,0,0,0.0,low
Temsia,2026-09-21,30.3633,-9.4144,37.5,21.2,0.0,16.4,Hot,No Rain,Low,50,0,0,12.5,low
Temsia,2026-09-22,30.3633,-9.4144,33.0,20.1,0.0,21.0,Hot,No Rain,Moderate,50,0,30,23.0,low
Temsia,2026-09-23,30.3633,-9.4144,32.7,19.2,0.0,27.6,Hot,No Rain,Moderate,50,0,30,23.0,low
Temsia,2026-09-24,30.3633,-9.4144,30.3,16.8,0.0,26.4,Hot,No Rain,Moderate,50,0,30,23.0,low
Biougra,2026-09-18,30.2144,-9.3708,27.6,19.1,0.0,23.5,Normal,No Rain,Moderate,0,0,30,10.5,low
Biougra,2026-09-19,30.2144,-9.3708,27.6,19.5,0.0,22.6,Normal,No Rain,Moderate,0,0,30,10.5,low
Biougra,2026-09-20,30.2144,-9.3708,28.7,20.1,0.0,19.1,Normal,No Rain,Low,0,0,0,0.0,low
Biougra,2026-09-21,30.2144,-9.3708,37.7,21.8,0.0,22.1,Hot,No Rain,Moderate,50,0,30,23.0,low
Biougra,2026-09-22,30.2144,-9.3708,33.3,21.4,0.0,22.9,Hot,No Rain,Moderate,50,0,30,23.0,low
Biougra,2026-09-23,30.2144,-9.3708,29.4,18.2,0.0,23.6,Normal,No Rain,Moderate,0,0,30,10.5,low
Biougra,2026-09-24,30.2144,-9.3708,27.9,16.6,0.0,23.0,Normal,No Rain,Moderate,0,0,30,10.5,low
Al Hoceïma,2026-09-18,35.2472,-3.9322,26.8,18.9,0.0,21.5,Normal,No Rain,Moderate,0,0,30,10.5,low
Al Hoceïma,2026-09-19,35.2472,-3.9322,27.4,20.6,0.0,28.2,Normal,No Rain,Moderate,0,0,30,10.5,low
Al Hoceïma,2026-09-20,35.2472,-3.9322,27.8,23.4,0.0,24.3,Normal,No Rain,Moderate,0,0,30,10.5,low
Al Hoceïma,2026-09-21,35.2472,-3.9322,28.7,20.4,0.0,24.4,Normal,No Rain,Moderate,0,0,30,10.5,low
Al Hoceïma,2026-09-22,35.2472,-3.9322,28.3,17.6,0.0,14.7,Normal,No Rain,Low,0,0,0,0.0,low
Al Hoceïma,2026-09-23,35.2472,-3.9322,26.2,18.1,0.0,9.1,Normal,No Rain,Low,0,0,0,0.0,low
Al Hoceïma,2026-09-24,35.2472,-3.9322,26.8,17.9,0.0,8.1,Normal,No Rain,Low,0,0,0,0.0,low
Qasbat Tadla,2026-09-18,32.6,-6.26,33.6,17.0,0.0,12.3,Hot,No Rain,Low,50,0,0,12.5,low
Qasbat Tadla,2026-09-19,32.6,-6.26,37.2,21.7,0.0,15.2,Hot,No Rain,Low,50,0,0,12.5,low
Qasbat Tadla,2026-09-20,32.6,-6.26,38.1,22.6,0.0,19.1,Hot,No Rain,Low,50,0,0,12.5,low
Qasbat Tadla,2026-09-21,32.6,-6.26,36.0,21.3,0.8,12.9,Hot,Light,Low,50,20,0,20.5,low
Qasbat Tadla,2026-09-22,32.6,-6.26,35.9,18.5,0.0,9.5,Hot,No Rain,Low,50,0,0,12.5,low
Qasbat Tadla,2026-09-23,32.6,-6.26,36.7,18.0,0.0,8.1,Hot,No Rain,Low,50,0,0,12.5,low
Qasbat Tadla,2026-09-24,32.6,-6.26,37.7,14.4,0.0,10.4,Hot,No Rain,Low,50,0,0,12.5,low
Aziylal,2026-09-18,31.96,-6.56,26.4,16.0,0.0,15.7,Normal,No Rain,Low,0,0,0,0.0,low
Aziylal,2026-09-19,31.96,-6.56,28.7,19.4,0.1,17.1,Normal,Light,Low,0,20,0,8.0,low
Aziylal,2026-09-20,31.96,-6.56,29.2,19.8,0.3,18.5,Normal,Light,Low,0,20,0,8.0,low
Aziylal,2026-09-21,31.96,-6.56,27.6,19.1,0.1,20.0,Normal,Light,Moderate,0,20,30,18.5,low
Aziylal,2026-09-22,31.96,-6.56,28.2,17.4,0.0,19.7,Normal,No Rain,Low,0,0,0,0.0,low
Aziylal,2026-09-23,31.96,-6.56,29.1,17.2,0.0,17.7,Normal,No Rain,Low,0,0,0,0.0,low
Aziylal,2026-09-24,31.96,-6.56,29.9,17.3,0.0,18.2,Normal,No Rain,Low,0,0,0,0.0,low
Boujad,2026-09-18,32.7741,-6.3925,32.2,16.3,0.0,17.8,Hot,No Rain,Low,50,0,0,12.5,low
Boujad,2026-09-19,32.7741,-6.3925,35.4,21.4,0.0,16.9,Hot,No Rain,Low,50,0,0,12.5,low
Boujad,2026-09-20,32.7741,-6.3925,36.0,22.0,0.0,25.7,Hot,No Rain,Moderate,50,0,30,23.0,low
Boujad,2026-09-21,32.7741,-6.3925,34.2,21.3,0.7,18.9,Hot,Light,Low,50,20,0,20.5,low
Boujad,2026-09-22,32.7741,-6.3925,34.0,19.4,0.0,12.6,Hot,No Rain,Low,50,0,0,12.5,low
Boujad,2026-09-23,32.7741,-6.3925,34.3,19.4,0.0,14.0,Hot,No Rain,Low,50,0,0,12.5,low
Boujad,2026-09-24,32.7741,-6.3925,35.5,19.0,0.0,16.0,Hot,No Rain,Low,50,0,0,12.5,low
Al Aaroui,2026-09-18,35.0104,-3.0073,26.4,18.4,0.0,25.5,Normal,No Rain,Moderate,0,0,30,10.5,low
Al Aaroui,2026-09-19,35.0104,-3.0073,26.0,21.2,0.0,30.4,Normal,No Rain,Moderate,0,0,30,10.5,low
Al Aaroui,2026-09-20,35.0104,-3.0073,26.9,21.7,0.2,27.8,Normal,Light,Moderate,0,20,30,18.5,low
Al Aaroui,2026-09-21,35.0104,-3.0073,26.8,20.0,0.1,24.5,Normal,Light,Moderate,0,20,30,18.5,low
Al Aaroui,2026-09-22,35.0104,-3.0073,27.0,17.7,0.0,21.1,Normal,No Rain,Moderate,0,0,30,10.5,low
Al Aaroui,2026-09-23,35.0104,-3.0073,29.6,16.5,0.0,16.3,Normal,No Rain,Low,0,0,0,0.0,low
Al Aaroui,2026-09-24,35.0104,-3.0073,30.7,14.6,0.0,13.9,Hot,No Rain,Low,50,0,0,12.5,low
Mrirt,2026-09-18,33.1654,-5.5634,30.2,14.5,0.0,18.4,Hot,No Rain,Low,50,0,0,12.5,low
Mrirt,2026-09-19,33.1654,-5.5634,32.5,17.4,0.1,16.6,Hot,Light,Low,50,20,0,20.5,low
Mrirt,2026-09-20,33.1654,-5.5634,32.5,18.7,0.0,22.6,Hot,No Rain,Moderate,50,0,30,23.0,low
Mrirt,2026-09-21,33.1654,-5.5634,31.9,17.6,0.0,24.0,Hot,No Rain,Moderate,50,0,30,23.0,low
Mrirt,2026-09-22,33.1654,-5.5634,31.8,16.4,0.0,16.2,Hot,No Rain,Low,50,0,0,12.5,low
Mrirt,2026-09-23,33.1654,-5.5634,31.8,15.9,0.0,17.7,Hot,No Rain,Low,50,0,0,12.5,low
Mrirt,2026-09-24,33.1654,-5.5634,33.0,14.2,0.0,17.5,Hot,No Rain,Low,50,0,0,12.5,low
Tineghir,2026-09-18,31.5147,-5.5328,30.1,18.1,0.0,18.3,Hot,No Rain,Low,50,0,0,12.5,low
Tineghir,2026-09-19,31.5147,-5.5328,27.4,18.8,1.1,17.7,Normal,Light,Low,0,20,0,8.0,low
Tineghir,2026-09-20,31.5147,-5.5328,27.1,17.5,0.8,19.4,Normal,Light,Low,0,20,0,8.0,low
Tineghir,2026-09-21,31.5147,-5.5328,29.4,18.9,0.9,22.8,Normal,Light,Moderate,0,20,30,18.5,low
Tineghir,2026-09-22,31.5147,-5.5328,29.2,17.2,0.0,11.6,Normal,No Rain,Low,0,0,0,0.0,low
Tineghir,2026-09-23,31.5147,-5.5328,29.9,16.6,0.0,17.1,Normal,No Rain,Low,0,0,0,0.0,low
Tineghir,2026-09-24,31.5147,-5.5328,31.2,17.9,0.0,9.4,Hot,No Rain,Low,50,0,0,12.5,low
Bouknadel,2026-09-18,34.1766,-6.6893,25.0,16.6,0.0,17.0,Normal,No Rain,Low,0,0,0,0.0,low
Bouknadel,2026-09-19,34.1766,-6.6893,31.0,18.4,0.0,19.9,Hot,No Rain,Low,50,0,0,12.5,low
Bouknadel,2026-09-20,34.1766,-6.6893,31.9,20.4,0.0,14.1,Hot,No Rain,Low,50,0,0,12.5,low
Bouknadel,2026-09-21,34.1766,-6.6893,29.1,20.8,0.0,14.1,Normal,No Rain,Low,0,0,0,0.0,low
Bouknadel,2026-09-22,34.1766,-6.6893,28.0,20.1,0.0,13.1,Normal,No Rain,Low,0,0,0,0.0,low
Bouknadel,2026-09-23,34.1766,-6.6893,28.9,19.8,0.0,12.3,Normal,No Rain,Low,0,0,0,0.0,low
Bouknadel,2026-09-24,34.1766,-6.6893,29.6,17.7,0.0,12.5,Normal,No Rain,Low,0,0,0,0.0,low
Cabo Bojador,2026-09-18,26.1269,-14.4992,24.9,20.1,0.0,24.3,Normal,No Rain,Moderate,0,0,30,10.5,low
Cabo Bojador,2026-09-19,26.1269,-14.4992,24.9,18.5,0.0,23.7,Normal,No Rain,Moderate,0,0,30,10.5,low
Cabo Bojador,2026-09-20,26.1269,-14.4992,27.1,18.9,0.0,25.8,Normal,No Rain,Moderate,0,0,30,10.5,low
Cabo Bojador,2026-09-21,26.1269,-14.4992,25.8,20.0,0.0,25.9,Normal,No Rain,Moderate,0,0,30,10.5,low
Cabo Bojador,2026-09-22,26.1269,-14.4992,27.7,20.6,0.0,28.8,Normal,No Rain,Moderate,0,0,30,10.5,low
Cabo Bojador,2026-09-23,26.1269,-14.4992,27.0,20.5,0.0,28.6,Normal,No Rain,Moderate,0,0,30,10.5,low
Cabo Bojador,2026-09-24,26.1269,-14.4992,33.7,22.0,0.0,27.2,Hot,No Rain,Moderate,50,0,30,23.0,low
Zagora,2026-09-18,30.3316,-5.8376,34.5,25.0,0.1,23.4,Hot,Light,Moderate,50,20,30,31.0,Moderate
Zagora,2026-09-19,30.3316,-5.8376,34.0,25.4,1.0,24.5,Hot,Light,Moderate,50,20,30,31.0,Moderate
Zagora,2026-09-20,30.3316,-5.8376,34.0,23.6,0.2,15.2,Hot,Light,Low,50,20,0,20.5,low
Zagora,2026-09-21,30.3316,-5.8376,35.0,24.2,0.6,16.9,Hot,Light,Low,50,20,0,20.5,low
Zagora,2026-09-22,30.3316,-5.8376,33.6,24.0,0.0,17.6,Hot,No Rain,Low,50,0,0,12.5,low
Zagora,2026-09-23,30.3316,-5.8376,33.1,24.5,0.0,14.1,Hot,No Rain,Low,50,0,0,12.5,low
Zagora,2026-09-24,30.3316,-5.8376,34.8,24.4,0.0,15.7,Hot,No Rain,Low,50,0,0,12.5,low
Azemmour,2026-09-18,33.2833,-8.3333,25.1,17.8,0.0,17.2,Normal,No Rain,Low,0,0,0,0.0,low
Azemmour,2026-09-19,33.2833,-8.3333,27.0,19.5,0.0,16.8,Normal,No Rain,Low,0,0,0,0.0,low
Azemmour,2026-09-20,33.2833,-8.3333,27.9,19.7,0.0,13.5,Normal,No Rain,Low,0,0,0,0.0,low
Azemmour,2026-09-21,33.2833,-8.3333,29.4,21.1,0.0,15.1,Normal,No Rain,Low,0,0,0,0.0,low
Azemmour,2026-09-22,33.2833,-8.3333,26.7,20.5,0.0,13.6,Normal,No Rain,Low,0,0,0,0.0,low
Azemmour,2026-09-23,33.2833,-8.3333,27.7,20.6,0.0,14.4,Normal,No Rain,Low,0,0,0,0.0,low
Azemmour,2026-09-24,33.2833,-8.3333,27.8,20.5,0.0,14.7,Normal,No Rain,Low,0,0,0,0.0,low
El Hajeb,2026-09-18,33.6928,-5.3711,27.7,14.9,0.0,16.7,Normal,No Rain,Low,0,0,0,0.0,low
El Hajeb,2026-09-19,33.6928,-5.3711,30.9,17.4,0.4,16.9,Hot,Light,Low,50,20,0,20.5,low
El Hajeb,2026-09-20,33.6928,-5.3711,32.1,20.2,0.0,18.1,Hot,No Rain,Low,50,0,0,12.5,low
El Hajeb,2026-09-21,33.6928,-5.3711,31.0,20.2,0.0,17.5,Hot,No Rain,Low,50,0,0,12.5,low
El Hajeb,2026-09-22,33.6928,-5.3711,30.7,19.3,0.0,17.7,Hot,No Rain,Low,50,0,0,12.5,low
El Hajeb,2026-09-23,33.6928,-5.3711,31.0,19.6,0.0,16.5,Hot,No Rain,Low,50,0,0,12.5,low
El Hajeb,2026-09-24,33.6928,-5.3711,32.2,18.0,0.0,16.6,Hot,No Rain,Low,50,0,0,12.5,low
Jerada,2026-09-18,34.31,-2.16,27.7,15.3,0.0,21.6,Normal,No Rain,Moderate,0,0,30,10.5,low
Jerada,2026-09-19,34.31,-2.16,27.2,16.6,3.8,15.9,Normal,Light,Low,0,20,0,8.0,low
Jerada,2026-09-20,34.31,-2.16,26.8,16.0,1.1,20.6,Normal,Light,Moderate,0,20,30,18.5,low
Jerada,2026-09-21,34.31,-2.16,25.2,17.0,0.0,23.1,Normal,No Rain,Moderate,0,0,30,10.5,low
Jerada,2026-09-22,34.31,-2.16,26.7,15.5,0.0,17.4,Normal,No Rain,Low,0,0,0,0.0,low
Jerada,2026-09-23,34.31,-2.16,29.1,17.1,0.0,20.9,Normal,No Rain,Moderate,0,0,30,10.5,low
Jerada,2026-09-24,34.31,-2.16,30.4,16.2,0.0,21.5,Hot,No Rain,Moderate,50,0,30,23.0,low
El Aïoun,2026-09-18,34.5726,-2.5127,29.4,15.7,0.0,21.8,Normal,No Rain,Moderate,0,0,30,10.5,low
El Aïoun,2026-09-19,34.5726,-2.5127,29.9,19.5,1.0,22.5,Normal,Light,Moderate,0,20,30,18.5,low
El Aïoun,2026-09-20,34.5726,-2.5127,30.8,19.2,0.0,20.4,Hot,No Rain,Moderate,50,0,30,23.0,low
El Aïoun,2026-09-21,34.5726,-2.5127,27.3,18.3,0.2,19.2,Normal,Light,Low,0,20,0,8.0,low
El Aïoun,2026-09-22,34.5726,-2.5127,29.9,15.3,0.0,16.4,Normal,No Rain,Low,0,0,0,0.0,low
El Aïoun,2026-09-23,34.5726,-2.5127,30.7,14.4,0.0,15.9,Hot,No Rain,Low,50,0,0,12.5,low
El Aïoun,2026-09-24,34.5726,-2.5127,31.8,15.6,0.0,15.8,Hot,No Rain,Low,50,0,0,12.5,low
Tameslouht,2026-09-18,31.5,-8.1,30.8,17.4,0.0,9.4,Hot,No Rain,Low,50,0,0,12.5,low
Tameslouht,2026-09-19,31.5,-8.1,34.9,20.9,0.3,16.4,Hot,Light,Low,50,20,0,20.5,low
Tameslouht,2026-09-20,31.5,-8.1,36.5,22.5,0.1,16.9,Hot,Light,Low,50,20,0,20.5,low
Tameslouht,2026-09-21,31.5,-8.1,36.8,23.9,0.0,24.2,Hot,No Rain,Moderate,50,0,30,23.0,low
Tameslouht,2026-09-22,31.5,-8.1,36.0,21.8,0.0,21.1,Hot,No Rain,Moderate,50,0,30,23.0,low
Tameslouht,2026-09-23,31.5,-8.1,35.0,19.9,0.0,14.2,Hot,No Rain,Low,50,0,0,12.5,low
Tameslouht,2026-09-24,31.5,-8.1,35.1,20.8,0.0,17.3,Hot,No Rain,Low,50,0,0,12.5,low
Sidi Yahia El Gharb,2026-09-18,34.3058,-6.3058,29.3,15.4,0.0,17.9,Normal,No Rain,Low,0,0,0,0.0,low
Sidi Yahia El Gharb,2026-09-19,34.3058,-6.3058,36.3,17.7,0.0,19.9,Hot,No Rain,Low,50,0,0,12.5,low
Sidi Yahia El Gharb,2026-09-20,34.3058,-6.3058,37.9,23.0,0.0,19.7,Hot,No Rain,Low,50,0,0,12.5,low
Sidi Yahia El Gharb,2026-09-21,34.3058,-6.3058,36.9,20.3,0.0,16.4,Hot,No Rain,Low,50,0,0,12.5,low
Sidi Yahia El Gharb,2026-09-22,34.3058,-6.3058,34.8,20.6,0.0,19.4,Hot,No Rain,Low,50,0,0,12.5,low
Sidi Yahia El Gharb,2026-09-23,34.3058,-6.3058,36.4,18.2,0.0,15.2,Hot,No Rain,Low,50,0,0,12.5,low
Sidi Yahia El Gharb,2026-09-24,34.3058,-6.3058,37.0,17.1,0.0,16.9,Hot,No Rain,Low,50,0,0,12.5,low
Chichaoua,2026-09-18,31.5333,-8.7667,30.8,17.4,0.0,13.8,Hot,No Rain,Low,50,0,0,12.5,low
Chichaoua,2026-09-19,31.5333,-8.7667,35.0,20.2,0.0,19.4,Hot,No Rain,Low,50,0,0,12.5,low
Chichaoua,2026-09-20,31.5333,-8.7667,35.0,22.7,0.0,23.0,Hot,No Rain,Moderate,50,0,30,23.0,low
Chichaoua,2026-09-21,31.5333,-8.7667,37.8,21.6,0.0,27.2,Hot,No Rain,Moderate,50,0,30,23.0,low
Chichaoua,2026-09-22,31.5333,-8.7667,36.1,19.8,0.0,23.9,Hot,No Rain,Moderate,50,0,30,23.0,low
Chichaoua,2026-09-23,31.5333,-8.7667,34.3,17.9,0.0,18.7,Hot,No Rain,Low,50,0,0,12.5,low
Chichaoua,2026-09-24,31.5333,-8.7667,33.6,20.2,0.0,18.6,Hot,No Rain,Low,50,0,0,12.5,low
Al ’Attawia,2026-09-18,31.83,-7.31,29.8,16.6,0.0,11.9,Normal,No Rain,Low,0,0,0,0.0,low
Al ’Attawia,2026-09-19,31.83,-7.31,35.0,19.8,0.5,14.0,Hot,Light,Low,50,20,0,20.5,low
Al ’Attawia,2026-09-20,31.83,-7.31,35.4,21.7,0.5,13.0,Hot,Light,Low,50,20,0,20.5,low
Al ’Attawia,2026-09-21,31.83,-7.31,36.1,21.5,0.0,21.1,Hot,No Rain,Moderate,50,0,30,23.0,low
Al ’Attawia,2026-09-22,31.83,-7.31,35.1,20.3,0.0,17.1,Hot,No Rain,Low,50,0,0,12.5,low
Al ’Attawia,2026-09-23,31.83,-7.31,34.1,18.4,0.0,16.0,Hot,No Rain,Low,50,0,0,12.5,low
Al ’Attawia,2026-09-24,31.83,-7.31,35.5,16.2,0.0,18.1,Hot,No Rain,Low,50,0,0,12.5,low
Tabount,2026-09-18,30.9014,-6.9217,31.7,17.4,0.0,10.9,Hot,No Rain,Low,50,0,0,12.5,low
Tabount,2026-09-19,30.9014,-6.9217,31.8,20.6,0.0,22.4,Hot,No Rain,Moderate,50,0,30,23.0,low
Tabount,2026-09-20,30.9014,-6.9217,32.3,19.5,0.0,17.8,Hot,No Rain,Low,50,0,0,12.5,low
Tabount,2026-09-21,30.9014,-6.9217,32.5,19.6,0.1,27.9,Hot,Light,Moderate,50,20,30,31.0,Moderate
Tabount,2026-09-22,30.9014,-6.9217,33.6,18.6,0.0,25.7,Hot,No Rain,Moderate,50,0,30,23.0,low
Tabount,2026-09-23,30.9014,-6.9217,31.6,17.5,0.0,16.2,Hot,No Rain,Low,50,0,0,12.5,low
Tabount,2026-09-24,30.9014,-6.9217,33.0,17.4,0.3,9.8,Hot,Light,Low,50,20,0,20.5,low
Zaïo,2026-09-18,34.9396,-2.7334,28.1,19.0,0.0,17.9,Normal,No Rain,Low,0,0,0,0.0,low
Zaïo,2026-09-19,34.9396,-2.7334,28.4,21.2,0.0,24.4,Normal,No Rain,Moderate,0,0,30,10.5,low
Zaïo,2026-09-20,34.9396,-2.7334,28.5,22.1,0.0,24.7,Normal,No Rain,Moderate,0,0,30,10.5,low
Zaïo,2026-09-21,34.9396,-2.7334,27.8,19.8,0.0,23.8,Normal,No Rain,Moderate,0,0,30,10.5,low
Zaïo,2026-09-22,34.9396,-2.7334,29.2,17.8,0.0,12.2,Normal,No Rain,Low,0,0,0,0.0,low
Zaïo,2026-09-23,34.9396,-2.7334,29.8,16.9,0.0,14.7,Normal,No Rain,Low,0,0,0,0.0,low
Zaïo,2026-09-24,34.9396,-2.7334,30.4,14.6,0.0,14.9,Hot,No Rain,Low,50,0,0,12.5,low
Aguelmous,2026-09-18,33.1324,-5.8366,29.8,14.1,0.0,17.9,Normal,No Rain,Low,0,0,0,0.0,low
Aguelmous,2026-09-19,33.1324,-5.8366,31.9,17.6,0.1,19.2,Hot,Light,Low,50,20,0,20.5,low
Aguelmous,2026-09-20,33.1324,-5.8366,32.5,19.6,0.3,18.8,Hot,Light,Low,50,20,0,20.5,low
Aguelmous,2026-09-21,33.1324,-5.8366,32.0,19.8,0.0,24.2,Hot,No Rain,Moderate,50,0,30,23.0,low
Aguelmous,2026-09-22,33.1324,-5.8366,31.0,18.5,0.0,18.3,Hot,No Rain,Low,50,0,0,12.5,low
Aguelmous,2026-09-23,33.1324,-5.8366,31.8,17.8,0.0,17.0,Hot,No Rain,Low,50,0,0,12.5,low
Aguelmous,2026-09-24,33.1324,-5.8366,32.6,17.7,0.0,20.0,Hot,No Rain,Moderate,50,0,30,23.0,low
Asilah,2026-09-18,35.4667,-6.0333,28.7,16.3,0.0,26.9,Normal,No Rain,Moderate,0,0,30,10.5,low
Asilah,2026-09-19,35.4667,-6.0333,29.1,23.1,0.0,36.2,Normal,No Rain,Moderate,0,0,30,10.5,low
Asilah,2026-09-20,35.4667,-6.0333,30.6,24.0,0.0,27.3,Hot,No Rain,Moderate,50,0,30,23.0,low
Asilah,2026-09-21,35.4667,-6.0333,30.4,23.6,0.0,25.7,Hot,No Rain,Moderate,50,0,30,23.0,low
Asilah,2026-09-22,35.4667,-6.0333,30.4,22.1,0.0,18.4,Hot,No Rain,Low,50,0,0,12.5,low
Asilah,2026-09-23,35.4667,-6.0333,35.6,21.5,0.0,11.0,Hot,No Rain,Low,50,0,0,12.5,low
Asilah,2026-09-24,35.4667,-6.0333,35.6,19.0,0.0,16.6,Hot,No Rain,Low,50,0,0,12.5,low
Imzouren,2026-09-18,35.1464,-3.8506,27.5,18.4,0.0,18.6,Normal,No Rain,Low,0,0,0,0.0,low
Imzouren,2026-09-19,35.1464,-3.8506,29.1,20.2,0.0,24.9,Normal,No Rain,Moderate,0,0,30,10.5,low
Imzouren,2026-09-20,35.1464,-3.8506,28.5,22.0,0.0,20.5,Normal,No Rain,Moderate,0,0,30,10.5,low
Imzouren,2026-09-21,35.1464,-3.8506,29.5,20.0,0.0,21.9,Normal,No Rain,Moderate,0,0,30,10.5,low
Imzouren,2026-09-22,35.1464,-3.8506,28.7,17.4,0.0,15.1,Normal,No Rain,Low,0,0,0,0.0,low
Imzouren,2026-09-23,35.1464,-3.8506,28.6,17.7,0.0,11.2,Normal,No Rain,Low,0,0,0,0.0,low
Imzouren,2026-09-24,35.1464,-3.8506,29.6,18.3,0.0,11.2,Normal,No Rain,Low,0,0,0,0.0,low
Mediouna,2026-09-18,33.4556,-7.5208,27.3,16.4,0.0,17.3,Normal,No Rain,Low,0,0,0,0.0,low
Mediouna,2026-09-19,33.4556,-7.5208,31.1,17.8,0.0,17.5,Hot,No Rain,Low,50,0,0,12.5,low
Mediouna,2026-09-20,33.4556,-7.5208,34.8,19.3,0.0,17.4,Hot,No Rain,Low,50,0,0,12.5,low
Mediouna,2026-09-21,33.4556,-7.5208,34.6,20.0,0.0,18.7,Hot,No Rain,Low,50,0,0,12.5,low
Mediouna,2026-09-22,33.4556,-7.5208,33.2,19.3,0.0,17.9,Hot,No Rain,Low,50,0,0,12.5,low
Mediouna,2026-09-23,33.4556,-7.5208,28.8,18.1,0.0,12.6,Normal,No Rain,Low,0,0,0,0.0,low
Mediouna,2026-09-24,33.4556,-7.5208,29.4,18.3,0.0,12.8,Normal,No Rain,Low,0,0,0,0.0,low
Demnat,2026-09-18,31.7311,-7.0361,27.4,14.3,0.0,11.6,Normal,No Rain,Low,0,0,0,0.0,low
Demnat,2026-09-19,31.7311,-7.0361,31.8,18.7,0.1,14.8,Hot,Light,Low,50,20,0,20.5,low
Demnat,2026-09-20,31.7311,-7.0361,32.6,21.7,0.4,17.9,Hot,Light,Low,50,20,0,20.5,low
Demnat,2026-09-21,31.7311,-7.0361,32.3,20.1,0.0,18.7,Hot,No Rain,Low,50,0,0,12.5,low
Demnat,2026-09-22,31.7311,-7.0361,31.9,19.8,0.0,18.2,Hot,No Rain,Low,50,0,0,12.5,low
Demnat,2026-09-23,31.7311,-7.0361,31.6,17.5,0.0,17.8,Hot,No Rain,Low,50,0,0,12.5,low
Demnat,2026-09-24,31.7311,-7.0361,32.9,15.2,0.0,18.2,Hot,No Rain,Low,50,0,0,12.5,low
Aïn Taoujdat,2026-09-18,33.9333,-5.2167,30.5,16.4,0.0,15.1,Hot,No Rain,Low,50,0,0,12.5,low
Aïn Taoujdat,2026-09-19,33.9333,-5.2167,33.7,18.7,0.0,18.6,Hot,No Rain,Low,50,0,0,12.5,low
Aïn Taoujdat,2026-09-20,33.9333,-5.2167,35.0,19.6,0.0,14.6,Hot,No Rain,Low,50,0,0,12.5,low
Aïn Taoujdat,2026-09-21,33.9333,-5.2167,33.6,19.8,0.0,13.8,Hot,No Rain,Low,50,0,0,12.5,low
Aïn Taoujdat,2026-09-22,33.9333,-5.2167,33.3,18.8,0.0,13.0,Hot,No Rain,Low,50,0,0,12.5,low
Aïn Taoujdat,2026-09-23,33.9333,-5.2167,34.1,18.5,0.0,14.4,Hot,No Rain,Low,50,0,0,12.5,low
Aïn Taoujdat,2026-09-24,33.9333,-5.2167,35.3,19.3,0.0,15.0,Hot,No Rain,Low,50,0,0,12.5,low
Sidi Smai’il,2026-09-18,32.8167,-8.5,28.0,17.3,0.0,17.4,Normal,No Rain,Low,0,0,0,0.0,low
Sidi Smai’il,2026-09-19,32.8167,-8.5,32.2,18.0,0.0,18.3,Hot,No Rain,Low,50,0,0,12.5,low
Sidi Smai’il,2026-09-20,32.8167,-8.5,32.4,20.4,0.0,15.5,Hot,No Rain,Low,50,0,0,12.5,low
Sidi Smai’il,2026-09-21,32.8167,-8.5,36.1,20.3,0.0,16.3,Hot,No Rain,Low,50,0,0,12.5,low
Sidi Smai’il,2026-09-22,32.8167,-8.5,32.4,19.2,0.0,14.7,Hot,No Rain,Low,50,0,0,12.5,low
Sidi Smai’il,2026-09-23,32.8167,-8.5,31.0,19.5,0.0,17.7,Hot,No Rain,Low,50,0,0,12.5,low
Sidi Smai’il,2026-09-24,32.8167,-8.5,30.4,18.5,0.0,18.7,Hot,No Rain,Low,50,0,0,12.5,low
Moulay Bousselham,2026-09-18,34.8786,-6.2933,24.8,14.7,0.0,18.8,Normal,No Rain,Low,0,0,0,0.0,low
Moulay Bousselham,2026-09-19,34.8786,-6.2933,30.1,18.3,0.0,16.7,Hot,No Rain,Low,50,0,0,12.5,low
Moulay Bousselham,2026-09-20,34.8786,-6.2933,32.7,20.7,0.0,18.4,Hot,No Rain,Low,50,0,0,12.5,low
Moulay Bousselham,2026-09-21,34.8786,-6.2933,30.5,21.0,0.0,17.9,Hot,No Rain,Low,50,0,0,12.5,low
Moulay Bousselham,2026-09-22,34.8786,-6.2933,31.7,19.4,0.0,19.8,Hot,No Rain,Low,50,0,0,12.5,low
Moulay Bousselham,2026-09-23,34.8786,-6.2933,32.5,18.7,0.0,18.4,Hot,No Rain,Low,50,0,0,12.5,low
Moulay Bousselham,2026-09-24,34.8786,-6.2933,32.5,18.6,0.0,18.3,Hot,No Rain,Low,50,0,0,12.5,low
Mechraa Bel Ksiri,2026-09-18,34.56,-5.95,31.6,14.7,0.0,18.1,Hot,No Rain,Low,50,0,0,12.5,low
Mechraa Bel Ksiri,2026-09-19,34.56,-5.95,37.1,19.2,0.0,18.8,Hot,No Rain,Low,50,0,0,12.5,low
Mechraa Bel Ksiri,2026-09-20,34.56,-5.95,37.8,24.6,0.0,21.1,Hot,No Rain,Moderate,50,0,30,23.0,low
Mechraa Bel Ksiri,2026-09-21,34.56,-5.95,36.7,24.4,0.0,17.9,Hot,No Rain,Low,50,0,0,12.5,low
Mechraa Bel Ksiri,2026-09-22,34.56,-5.95,36.3,23.4,0.0,18.2,Hot,No Rain,Low,50,0,0,12.5,low
Mechraa Bel Ksiri,2026-09-23,34.56,-5.95,36.7,19.3,0.0,14.5,Hot,No Rain,Low,50,0,0,12.5,low
Mechraa Bel Ksiri,2026-09-24,34.56,-5.95,37.7,18.3,0.0,16.3,Hot,No Rain,Low,50,0,0,12.5,low
Souk et Tnine Jorf el Mellah,2026-09-18,34.4945,-5.5047,32.8,15.6,0.0,10.2,Hot,No Rain,Low,50,0,0,12.5,low
Souk et Tnine Jorf el Mellah,2026-09-19,34.4945,-5.5047,37.0,21.2,0.0,20.9,Hot,No Rain,Moderate,50,0,30,23.0,low
Souk et Tnine Jorf el Mellah,2026-09-20,34.4945,-5.5047,37.3,24.6,0.0,19.5,Hot,No Rain,Low,50,0,0,12.5,low
Souk et Tnine Jorf el Mellah,2026-09-21,34.4945,-5.5047,36.2,24.5,0.0,18.8,Hot,No Rain,Low,50,0,0,12.5,low
Souk et Tnine Jorf el Mellah,2026-09-22,34.4945,-5.5047,35.9,23.6,0.0,17.4,Hot,No Rain,Low,50,0,0,12.5,low
Souk et Tnine Jorf el Mellah,2026-09-23,34.4945,-5.5047,36.7,21.9,0.0,11.7,Hot,No Rain,Low,50,0,0,12.5,low
Souk et Tnine Jorf el Mellah,2026-09-24,34.4945,-5.5047,38.2,18.4,0.0,13.0,Hot,No Rain,Low,50,0,0,12.5,low
Zeghanghane,2026-09-18,35.1575,-3.0017,26.1,19.2,0.1,22.1,Normal,Light,Moderate,0,20,30,18.5,low
Zeghanghane,2026-09-19,35.1575,-3.0017,25.9,21.9,0.4,29.9,Normal,Light,Moderate,0,20,30,18.5,low
Zeghanghane,2026-09-20,35.1575,-3.0017,26.6,22.3,0.8,26.6,Normal,Light,Moderate,0,20,30,18.5,low
Zeghanghane,2026-09-21,35.1575,-3.0017,26.6,21.4,0.2,22.3,Normal,Light,Moderate,0,20,30,18.5,low
Zeghanghane,2026-09-22,35.1575,-3.0017,26.5,18.4,0.0,19.7,Normal,No Rain,Low,0,0,0,0.0,low
Zeghanghane,2026-09-23,35.1575,-3.0017,27.5,18.3,0.0,14.8,Normal,No Rain,Low,0,0,0,0.0,low
Zeghanghane,2026-09-24,35.1575,-3.0017,28.7,15.8,0.0,12.5,Normal,No Rain,Low,0,0,0,0.0,low
Oulad Barhil,2026-09-18,30.6408,-8.475,29.9,17.8,0.0,24.8,Normal,No Rain,Moderate,0,0,30,10.5,low
Oulad Barhil,2026-09-19,30.6408,-8.475,35.2,20.8,0.0,25.8,Hot,No Rain,Moderate,50,0,30,23.0,low
Oulad Barhil,2026-09-20,30.6408,-8.475,37.2,21.7,0.0,24.9,Hot,No Rain,Moderate,50,0,30,23.0,low
Oulad Barhil,2026-09-21,30.6408,-8.475,38.0,21.5,0.0,36.4,Hot,No Rain,Moderate,50,0,30,23.0,low
Oulad Barhil,2026-09-22,30.6408,-8.475,37.2,20.0,0.0,34.1,Hot,No Rain,Moderate,50,0,30,23.0,low
Oulad Barhil,2026-09-23,30.6408,-8.475,37.3,18.7,0.0,20.5,Hot,No Rain,Moderate,50,0,30,23.0,low
Oulad Barhil,2026-09-24,30.6408,-8.475,38.1,17.6,0.0,21.7,Hot,No Rain,Moderate,50,0,30,23.0,low
Bir Jdid,2026-09-18,33.3737,-8.0002,25.0,17.5,0.0,17.0,Normal,No Rain,Low,0,0,0,0.0,low
Bir Jdid,2026-09-19,33.3737,-8.0002,27.5,18.6,0.0,17.3,Normal,No Rain,Low,0,0,0,0.0,low
Bir Jdid,2026-09-20,33.3737,-8.0002,30.9,20.4,0.0,15.6,Hot,No Rain,Low,50,0,0,12.5,low
Bir Jdid,2026-09-21,33.3737,-8.0002,30.8,20.2,0.0,17.4,Hot,No Rain,Low,50,0,0,12.5,low
Bir Jdid,2026-09-22,33.3737,-8.0002,28.7,18.9,0.0,15.7,Normal,No Rain,Low,0,0,0,0.0,low
Bir Jdid,2026-09-23,33.3737,-8.0002,28.5,19.7,0.0,17.2,Normal,No Rain,Low,0,0,0,0.0,low
Bir Jdid,2026-09-24,33.3737,-8.0002,29.6,18.9,0.0,17.4,Normal,No Rain,Low,0,0,0,0.0,low
Bou Arfa,2026-09-18,32.531,-1.9631,29.8,17.9,0.0,20.1,Normal,No Rain,Moderate,0,0,30,10.5,low
Bou Arfa,2026-09-19,32.531,-1.9631,24.4,18.1,3.1,18.0,Normal,Light,Low,0,20,0,8.0,low
Bou Arfa,2026-09-20,32.531,-1.9631,27.1,15.8,2.1,17.6,Normal,Light,Low,0,20,0,8.0,low
Bou Arfa,2026-09-21,32.531,-1.9631,26.2,17.2,0.0,23.2,Normal,No Rain,Moderate,0,0,30,10.5,low
Bou Arfa,2026-09-22,32.531,-1.9631,25.5,16.0,0.0,17.9,Normal,No Rain,Low,0,0,0,0.0,low
Bou Arfa,2026-09-23,32.531,-1.9631,27.9,15.7,0.0,13.8,Normal,No Rain,Low,0,0,0,0.0,low
Bou Arfa,2026-09-24,32.531,-1.9631,29.0,16.0,0.0,10.8,Normal,No Rain,Low,0,0,0,0.0,low
Tahannawt,2026-09-18,31.3514,-7.9508,27.2,14.5,0.0,12.5,Normal,No Rain,Low,0,0,0,0.0,low
Tahannawt,2026-09-19,31.3514,-7.9508,32.1,18.6,0.4,15.0,Hot,Light,Low,50,20,0,20.5,low
Tahannawt,2026-09-20,31.3514,-7.9508,32.8,21.0,0.3,15.5,Hot,Light,Low,50,20,0,20.5,low
Tahannawt,2026-09-21,31.3514,-7.9508,33.5,20.9,0.0,19.9,Hot,No Rain,Low,50,0,0,12.5,low
Tahannawt,2026-09-22,31.3514,-7.9508,32.8,20.4,0.0,17.5,Hot,No Rain,Low,50,0,0,12.5,low
Tahannawt,2026-09-23,31.3514,-7.9508,32.3,17.5,0.0,14.0,Hot,No Rain,Low,50,0,0,12.5,low
Tahannawt,2026-09-24,31.3514,-7.9508,33.1,17.7,0.0,14.6,Hot,No Rain,Low,50,0,0,12.5,low
Arfoud,2026-09-18,31.4361,-4.2328,33.1,19.4,0.0,18.9,Hot,No Rain,Low,50,0,0,12.5,low
Arfoud,2026-09-19,31.4361,-4.2328,31.7,20.5,0.6,21.3,Hot,Light,Moderate,50,20,30,31.0,Moderate
Arfoud,2026-09-20,31.4361,-4.2328,30.9,20.3,0.0,9.5,Hot,No Rain,Low,50,0,0,12.5,low
Arfoud,2026-09-21,31.4361,-4.2328,32.5,20.9,1.9,13.0,Hot,Light,Low,50,20,0,20.5,low
Arfoud,2026-09-22,31.4361,-4.2328,31.1,20.5,0.0,10.9,Hot,No Rain,Low,50,0,0,12.5,low
Arfoud,2026-09-23,31.4361,-4.2328,31.3,20.0,0.0,12.0,Hot,No Rain,Low,50,0,0,12.5,low
Arfoud,2026-09-24,31.4361,-4.2328,31.9,20.8,0.0,7.6,Hot,No Rain,Low,50,0,0,12.5,low
Tahla,2026-09-18,34.05,-4.42,30.9,15.8,0.0,18.1,Hot,No Rain,Low,50,0,0,12.5,low
Tahla,2026-09-19,34.05,-4.42,32.1,20.5,0.5,24.8,Hot,Light,Moderate,50,20,30,31.0,Moderate
Tahla,2026-09-20,34.05,-4.42,32.8,20.6,0.0,22.5,Hot,No Rain,Moderate,50,0,30,23.0,low
Tahla,2026-09-21,34.05,-4.42,32.1,20.1,0.0,19.6,Hot,No Rain,Low,50,0,0,12.5,low
Tahla,2026-09-22,34.05,-4.42,32.2,18.7,0.0,15.5,Hot,No Rain,Low,50,0,0,12.5,low
Tahla,2026-09-23,34.05,-4.42,33.2,17.8,0.0,14.3,Hot,No Rain,Low,50,0,0,12.5,low
Tahla,2026-09-24,34.05,-4.42,34.2,18.5,0.0,14.7,Hot,No Rain,Low,50,0,0,12.5,low
Missour,2026-09-18,33.05,-3.9908,30.2,15.3,0.0,27.0,Hot,No Rain,Moderate,50,0,30,23.0,low
Missour,2026-09-19,33.05,-3.9908,29.4,17.9,1.7,17.8,Normal,Light,Low,0,20,0,8.0,low
Missour,2026-09-20,33.05,-3.9908,30.0,17.0,0.0,25.5,Hot,No Rain,Moderate,50,0,30,23.0,low
Missour,2026-09-21,33.05,-3.9908,28.5,18.4,0.0,31.6,Normal,No Rain,Moderate,0,0,30,10.5,low
Missour,2026-09-22,33.05,-3.9908,29.2,15.7,0.0,19.1,Normal,No Rain,Low,0,0,0,0.0,low
Missour,2026-09-23,33.05,-3.9908,31.8,16.4,0.0,17.7,Hot,No Rain,Low,50,0,0,12.5,low
Missour,2026-09-24,33.05,-3.9908,33.1,16.9,0.0,21.0,Hot,No Rain,Moderate,50,0,30,23.0,low
Sidi Lmokhtar,2026-09-18,31.57,-9.01,30.2,16.7,0.0,17.9,Hot,No Rain,Low,50,0,0,12.5,low
Sidi Lmokhtar,2026-09-19,31.57,-9.01,34.1,19.6,0.0,15.9,Hot,No Rain,Low,50,0,0,12.5,low
Sidi Lmokhtar,2026-09-20,31.57,-9.01,34.0,22.3,0.0,18.6,Hot,No Rain,Low,50,0,0,12.5,low
Sidi Lmokhtar,2026-09-21,31.57,-9.01,37.7,21.4,0.0,17.6,Hot,No Rain,Low,50,0,0,12.5,low
Sidi Lmokhtar,2026-09-22,31.57,-9.01,36.3,19.3,0.0,19.5,Hot,No Rain,Low,50,0,0,12.5,low
Sidi Lmokhtar,2026-09-23,31.57,-9.01,32.2,16.9,0.0,18.6,Hot,No Rain,Low,50,0,0,12.5,low
Sidi Lmokhtar,2026-09-24,31.57,-9.01,31.0,18.2,0.0,20.9,Hot,No Rain,Moderate,50,0,30,23.0,low
Douar Toulal,2026-09-18,33.8951,-5.6021,30.0,15.8,0.0,15.5,Hot,No Rain,Low,50,0,0,12.5,low
Douar Toulal,2026-09-19,33.8951,-5.6021,34.7,19.2,0.0,14.1,Hot,No Rain,Low,50,0,0,12.5,low
Douar Toulal,2026-09-20,33.8951,-5.6021,36.0,21.3,0.0,13.5,Hot,No Rain,Low,50,0,0,12.5,low
Douar Toulal,2026-09-21,33.8951,-5.6021,34.7,20.2,0.0,13.5,Hot,No Rain,Low,50,0,0,12.5,low
Douar Toulal,2026-09-22,33.8951,-5.6021,34.0,19.2,0.0,13.8,Hot,No Rain,Low,50,0,0,12.5,low
Douar Toulal,2026-09-23,33.8951,-5.6021,34.2,18.7,0.0,15.9,Hot,No Rain,Low,50,0,0,12.5,low
Douar Toulal,2026-09-24,33.8951,-5.6021,35.4,17.5,0.0,14.6,Hot,No Rain,Low,50,0,0,12.5,low
Oulad Yaïch,2026-09-18,32.4167,-6.3333,33.3,18.2,0.0,6.7,Hot,No Rain,Low,50,0,0,12.5,low
Oulad Yaïch,2026-09-19,32.4167,-6.3333,37.3,21.2,0.1,16.0,Hot,Light,Low,50,20,0,20.5,low
Oulad Yaïch,2026-09-20,32.4167,-6.3333,38.2,23.2,0.0,22.6,Hot,No Rain,Moderate,50,0,30,23.0,low
Oulad Yaïch,2026-09-21,32.4167,-6.3333,36.8,23.5,0.0,14.8,Hot,No Rain,Low,50,0,0,12.5,low
Oulad Yaïch,2026-09-22,32.4167,-6.3333,36.3,22.5,0.0,10.2,Hot,No Rain,Low,50,0,0,12.5,low
Oulad Yaïch,2026-09-23,32.4167,-6.3333,35.9,21.0,0.0,18.0,Hot,No Rain,Low,50,0,0,12.5,low
Oulad Yaïch,2026-09-24,32.4167,-6.3333,36.8,24.7,0.0,17.9,Hot,No Rain,Low,50,0,0,12.5,low
Zawyat ech Cheïkh,2026-09-18,32.6541,-5.9214,31.7,14.9,0.0,9.0,Hot,No Rain,Low,50,0,0,12.5,low
Zawyat ech Cheïkh,2026-09-19,32.6541,-5.9214,35.1,19.9,0.0,16.0,Hot,No Rain,Low,50,0,0,12.5,low
Zawyat ech Cheïkh,2026-09-20,32.6541,-5.9214,35.9,20.1,0.0,16.1,Hot,No Rain,Low,50,0,0,12.5,low
Zawyat ech Cheïkh,2026-09-21,32.6541,-5.9214,34.0,18.9,0.3,17.7,Hot,Light,Low,50,20,0,20.5,low
Zawyat ech Cheïkh,2026-09-22,32.6541,-5.9214,33.4,16.9,0.0,12.6,Hot,No Rain,Low,50,0,0,12.5,low
Zawyat ech Cheïkh,2026-09-23,32.6541,-5.9214,34.6,16.2,0.0,11.6,Hot,No Rain,Low,50,0,0,12.5,low
Zawyat ech Cheïkh,2026-09-24,32.6541,-5.9214,35.5,18.0,0.0,12.4,Hot,No Rain,Low,50,0,0,12.5,low
Imi-n-Tanout,2026-09-18,31.177,-8.8504,26.4,16.0,0.0,16.8,Normal,No Rain,Low,0,0,0,0.0,low
Imi-n-Tanout,2026-09-19,31.177,-8.8504,31.2,20.3,0.0,16.5,Hot,No Rain,Low,50,0,0,12.5,low
Imi-n-Tanout,2026-09-20,31.177,-8.8504,31.6,22.9,0.4,17.4,Hot,Light,Low,50,20,0,20.5,low
Imi-n-Tanout,2026-09-21,31.177,-8.8504,34.3,23.2,0.0,27.8,Hot,No Rain,Moderate,50,0,30,23.0,low
Imi-n-Tanout,2026-09-22,31.177,-8.8504,33.3,22.2,0.0,23.7,Hot,No Rain,Moderate,50,0,30,23.0,low
Imi-n-Tanout,2026-09-23,31.177,-8.8504,31.3,20.5,0.0,17.2,Hot,No Rain,Low,50,0,0,12.5,low
Imi-n-Tanout,2026-09-24,31.177,-8.8504,31.5,19.0,0.0,18.3,Hot,No Rain,Low,50,0,0,12.5,low
Sebt Gzoula,2026-09-18,32.1219,-9.0889,29.2,17.6,0.0,15.9,Normal,No Rain,Low,0,0,0,0.0,low
Sebt Gzoula,2026-09-19,32.1219,-9.0889,32.7,18.9,0.0,14.8,Hot,No Rain,Low,50,0,0,12.5,low
Sebt Gzoula,2026-09-20,32.1219,-9.0889,30.6,21.2,0.0,14.8,Hot,No Rain,Low,50,0,0,12.5,low
Sebt Gzoula,2026-09-21,32.1219,-9.0889,32.8,21.4,0.0,12.6,Hot,No Rain,Low,50,0,0,12.5,low
Sebt Gzoula,2026-09-22,32.1219,-9.0889,31.7,19.0,0.0,14.9,Hot,No Rain,Low,50,0,0,12.5,low
Sebt Gzoula,2026-09-23,32.1219,-9.0889,28.4,17.9,0.0,14.3,Normal,No Rain,Low,0,0,0,0.0,low
Sebt Gzoula,2026-09-24,32.1219,-9.0889,27.4,18.2,0.0,14.1,Normal,No Rain,Low,0,0,0,0.0,low
Tifariti,2026-09-18,26.158,-10.567,30.5,16.6,0.0,35.0,Hot,No Rain,Moderate,50,0,30,23.0,low
Tifariti,2026-09-19,26.158,-10.567,31.3,16.3,0.0,22.8,Hot,No Rain,Moderate,50,0,30,23.0,low
Tifariti,2026-09-20,26.158,-10.567,37.4,19.3,0.0,12.3,Hot,No Rain,Low,50,0,0,12.5,low
Tifariti,2026-09-21,26.158,-10.567,38.3,25.3,0.0,12.0,Hot,No Rain,Low,50,0,0,12.5,low
Tifariti,2026-09-22,26.158,-10.567,38.7,24.5,0.0,20.3,Hot,No Rain,Moderate,50,0,30,23.0,low
Tifariti,2026-09-23,26.158,-10.567,38.6,26.3,0.0,21.6,Hot,No Rain,Moderate,50,0,30,23.0,low
Tifariti,2026-09-24,26.158,-10.567,38.6,27.0,0.0,20.3,Hot,No Rain,Moderate,50,0,30,23.0,low
